FECHA;SUBDETERMINANTE;POSIBLES;POSITIVAS
24/09/2018;Acompanamiento y Contencion;25;20
25/09/2018;Acompanamiento y Contencion;2;2
26/09/2018;Acompanamiento y Contencion;10;4
27/09/2018;Acompanamiento y Contencion;8;4
28/09/2018;Acompanamiento y Contencion;8;5
01/10/2018;Acompanamiento y Contencion;103;90
02/10/2018;Acompanamiento y Contencion;130;113
03/10/2018;Acompanamiento y Contencion;170;154
04/10/2018;Acompanamiento y Contencion;236;201
05/10/2018;Acompanamiento y Contencion;410;346
06/10/2018;Acompanamiento y Contencion;17;14
07/10/2018;Acompanamiento y Contencion;10;9
08/10/2018;Acompanamiento y Contencion;162;141
09/10/2018;Acompanamiento y Contencion;251;208
10/10/2018;Acompanamiento y Contencion;207;190
11/10/2018;Acompanamiento y Contencion;392;339
12/10/2018;Acompanamiento y Contencion;389;342
13/10/2018;Acompanamiento y Contencion;13;12
14/10/2018;Acompanamiento y Contencion;6;6
15/10/2018;Acompanamiento y Contencion;6;6
16/10/2018;Acompanamiento y Contencion;290;262
17/10/2018;Acompanamiento y Contencion;266;225
18/10/2018;Acompanamiento y Contencion;359;310
19/10/2018;Acompanamiento y Contencion;336;311
20/10/2018;Acompanamiento y Contencion;18;18
21/10/2018;Acompanamiento y Contencion;2;1
22/10/2018;Acompanamiento y Contencion;91;76
23/10/2018;Acompanamiento y Contencion;252;228
24/10/2018;Acompanamiento y Contencion;166;142
25/10/2018;Acompanamiento y Contencion;159;142
26/10/2018;Acompanamiento y Contencion;172;146
27/10/2018;Acompanamiento y Contencion;64;58
28/10/2018;Acompanamiento y Contencion;29;22
29/10/2018;Acompanamiento y Contencion;128;103
30/10/2018;Acompanamiento y Contencion;93;77
31/10/2018;Acompanamiento y Contencion;99;93
01/11/2018;Acompanamiento y Contencion;94;71
02/11/2018;Acompanamiento y Contencion;106;85
03/11/2018;Acompanamiento y Contencion;46;34
04/11/2018;Acompanamiento y Contencion;35;22
05/11/2018;Acompanamiento y Contencion;153;134
06/11/2018;Acompanamiento y Contencion;142;125
07/11/2018;Acompanamiento y Contencion;180;158
08/11/2018;Acompanamiento y Contencion;104;95
09/11/2018;Acompanamiento y Contencion;205;165
10/11/2018;Acompanamiento y Contencion;47;41
11/11/2018;Acompanamiento y Contencion;5;3
12/11/2018;Acompanamiento y Contencion;215;181
13/11/2018;Acompanamiento y Contencion;240;202
14/11/2018;Acompanamiento y Contencion;252;222
15/11/2018;Acompanamiento y Contencion;152;132
16/11/2018;Acompanamiento y Contencion;128;120
17/11/2018;Acompanamiento y Contencion;36;29
18/11/2018;Acompanamiento y Contencion;27;25
19/11/2018;Acompanamiento y Contencion;85;79
20/11/2018;Acompanamiento y Contencion;104;96
21/11/2018;Acompanamiento y Contencion;95;85
22/11/2018;Acompanamiento y Contencion;85;71
23/11/2018;Acompanamiento y Contencion;86;74
24/11/2018;Acompanamiento y Contencion;20;18
25/11/2018;Acompanamiento y Contencion;15;11
26/11/2018;Acompanamiento y Contencion;134;110
27/11/2018;Acompanamiento y Contencion;100;85
24/09/2018;Ajustes;0;0
28/09/2018;Ajustes;1;1
01/10/2018;Ajustes;0;0
02/10/2018;Ajustes;5;4
03/10/2018;Ajustes;5;5
04/10/2018;Ajustes;1;1
05/10/2018;Ajustes;0;0
07/10/2018;Ajustes;3;3
08/10/2018;Ajustes;1;1
09/10/2018;Ajustes;2;2
10/10/2018;Ajustes;1;1
11/10/2018;Ajustes;2;2
12/10/2018;Ajustes;1;1
16/10/2018;Ajustes;0;0
17/10/2018;Ajustes;0;0
18/10/2018;Ajustes;0;0
19/10/2018;Ajustes;0;0
23/10/2018;Ajustes;0;0
24/10/2018;Ajustes;3;3
25/10/2018;Ajustes;25;25
26/10/2018;Ajustes;12;8
29/10/2018;Ajustes;1;1
01/11/2018;Ajustes;1;1
12/11/2018;Ajustes;1;1
26/11/2018;Ajustes;1;1
24/09/2018;Anclaje;18;15
25/09/2018;Anclaje;1;1
26/09/2018;Anclaje;8;5
27/09/2018;Anclaje;5;3
28/09/2018;Anclaje;4;2
01/10/2018;Anclaje;40;34
02/10/2018;Anclaje;44;38
03/10/2018;Anclaje;86;78
04/10/2018;Anclaje;94;81
05/10/2018;Anclaje;45;39
06/10/2018;Anclaje;7;7
07/10/2018;Anclaje;0;0
08/10/2018;Anclaje;31;28
09/10/2018;Anclaje;105;79
10/10/2018;Anclaje;54;47
11/10/2018;Anclaje;95;81
12/10/2018;Anclaje;101;97
13/10/2018;Anclaje;10;9
14/10/2018;Anclaje;0;0
15/10/2018;Anclaje;0;0
16/10/2018;Anclaje;61;58
17/10/2018;Anclaje;50;40
18/10/2018;Anclaje;77;59
19/10/2018;Anclaje;93;78
20/10/2018;Anclaje;10;6
21/10/2018;Anclaje;0;0
22/10/2018;Anclaje;18;12
23/10/2018;Anclaje;77;68
24/10/2018;Anclaje;45;38
25/10/2018;Anclaje;25;23
26/10/2018;Anclaje;49;43
27/10/2018;Anclaje;28;21
28/10/2018;Anclaje;2;1
29/10/2018;Anclaje;33;23
30/10/2018;Anclaje;26;18
31/10/2018;Anclaje;42;34
01/11/2018;Anclaje;20;15
02/11/2018;Anclaje;37;25
03/11/2018;Anclaje;22;12
04/11/2018;Anclaje;18;7
05/11/2018;Anclaje;60;37
06/11/2018;Anclaje;45;39
07/11/2018;Anclaje;47;40
08/11/2018;Anclaje;30;25
09/11/2018;Anclaje;91;44
10/11/2018;Anclaje;34;27
11/11/2018;Anclaje;2;1
12/11/2018;Anclaje;97;62
13/11/2018;Anclaje;127;114
14/11/2018;Anclaje;54;46
15/11/2018;Anclaje;44;38
16/11/2018;Anclaje;50;43
17/11/2018;Anclaje;25;24
18/11/2018;Anclaje;8;7
19/11/2018;Anclaje;41;39
20/11/2018;Anclaje;25;21
21/11/2018;Anclaje;24;18
22/11/2018;Anclaje;17;9
23/11/2018;Anclaje;28;24
24/11/2018;Anclaje;16;14
25/11/2018;Anclaje;7;3
26/11/2018;Anclaje;27;19
27/11/2018;Anclaje;31;21
24/09/2018;Asesoramiento;25;22
25/09/2018;Asesoramiento;2;1
26/09/2018;Asesoramiento;10;3
27/09/2018;Asesoramiento;8;6
28/09/2018;Asesoramiento;8;5
01/10/2018;Asesoramiento;103;96
02/10/2018;Asesoramiento;130;115
03/10/2018;Asesoramiento;175;155
04/10/2018;Asesoramiento;258;224
05/10/2018;Asesoramiento;425;319
06/10/2018;Asesoramiento;17;13
07/10/2018;Asesoramiento;11;11
08/10/2018;Asesoramiento;170;155
09/10/2018;Asesoramiento;264;237
10/10/2018;Asesoramiento;243;218
11/10/2018;Asesoramiento;416;347
12/10/2018;Asesoramiento;437;369
13/10/2018;Asesoramiento;13;10
14/10/2018;Asesoramiento;6;5
15/10/2018;Asesoramiento;6;6
16/10/2018;Asesoramiento;345;295
17/10/2018;Asesoramiento;322;279
18/10/2018;Asesoramiento;375;340
19/10/2018;Asesoramiento;353;332
20/10/2018;Asesoramiento;18;15
21/10/2018;Asesoramiento;2;2
22/10/2018;Asesoramiento;110;96
23/10/2018;Asesoramiento;281;265
24/10/2018;Asesoramiento;190;165
25/10/2018;Asesoramiento;169;151
26/10/2018;Asesoramiento;186;165
27/10/2018;Asesoramiento;65;61
28/10/2018;Asesoramiento;29;25
29/10/2018;Asesoramiento;136;113
30/10/2018;Asesoramiento;109;91
31/10/2018;Asesoramiento;108;99
01/11/2018;Asesoramiento;111;90
02/11/2018;Asesoramiento;115;101
03/11/2018;Asesoramiento;47;32
04/11/2018;Asesoramiento;35;25
05/11/2018;Asesoramiento;171;153
06/11/2018;Asesoramiento;166;146
07/11/2018;Asesoramiento;210;176
08/11/2018;Asesoramiento;119;109
09/11/2018;Asesoramiento;232;198
10/11/2018;Asesoramiento;47;44
11/11/2018;Asesoramiento;7;4
12/11/2018;Asesoramiento;233;198
13/11/2018;Asesoramiento;260;232
14/11/2018;Asesoramiento;277;251
15/11/2018;Asesoramiento;197;172
16/11/2018;Asesoramiento;153;138
17/11/2018;Asesoramiento;36;30
18/11/2018;Asesoramiento;27;26
19/11/2018;Asesoramiento;86;80
20/11/2018;Asesoramiento;129;114
21/11/2018;Asesoramiento;113;104
22/11/2018;Asesoramiento;112;95
23/11/2018;Asesoramiento;99;86
24/11/2018;Asesoramiento;21;17
25/11/2018;Asesoramiento;15;14
26/11/2018;Asesoramiento;158;141
27/11/2018;Asesoramiento;120;109
24/09/2018;Automatismos;16;11
26/09/2018;Automatismos;9;5
27/09/2018;Automatismos;7;3
28/09/2018;Automatismos;5;2
01/10/2018;Automatismos;62;28
02/10/2018;Automatismos;86;35
03/10/2018;Automatismos;62;34
04/10/2018;Automatismos;97;48
05/10/2018;Automatismos;281;106
06/10/2018;Automatismos;9;2
07/10/2018;Automatismos;4;2
08/10/2018;Automatismos;125;61
09/10/2018;Automatismos;159;85
10/10/2018;Automatismos;111;37
11/10/2018;Automatismos;230;90
12/10/2018;Automatismos;286;130
14/10/2018;Automatismos;6;2
15/10/2018;Automatismos;0;0
16/10/2018;Automatismos;190;76
17/10/2018;Automatismos;159;66
18/10/2018;Automatismos;201;78
19/10/2018;Automatismos;183;96
20/10/2018;Automatismos;8;2
21/10/2018;Automatismos;2;1
22/10/2018;Automatismos;58;31
23/10/2018;Automatismos;158;122
24/10/2018;Automatismos;88;49
25/10/2018;Automatismos;75;44
26/10/2018;Automatismos;90;55
27/10/2018;Automatismos;34;23
28/10/2018;Automatismos;7;1
29/10/2018;Automatismos;60;20
30/10/2018;Automatismos;45;24
31/10/2018;Automatismos;38;27
01/11/2018;Automatismos;46;16
02/11/2018;Automatismos;46;22
03/11/2018;Automatismos;24;5
04/11/2018;Automatismos;23;3
05/11/2018;Automatismos;78;38
06/11/2018;Automatismos;50;24
07/11/2018;Automatismos;67;28
08/11/2018;Automatismos;40;22
09/11/2018;Automatismos;135;49
10/11/2018;Automatismos;9;4
11/11/2018;Automatismos;2;1
12/11/2018;Automatismos;95;47
13/11/2018;Automatismos;164;112
14/11/2018;Automatismos;96;48
15/11/2018;Automatismos;98;48
16/11/2018;Automatismos;72;41
17/11/2018;Automatismos;9;7
18/11/2018;Automatismos;8;3
19/11/2018;Automatismos;17;6
20/11/2018;Automatismos;58;33
21/11/2018;Automatismos;49;30
22/11/2018;Automatismos;42;22
23/11/2018;Automatismos;23;12
24/11/2018;Automatismos;4;0
25/11/2018;Automatismos;10;6
26/11/2018;Automatismos;54;27
27/11/2018;Automatismos;45;31
22/10/2018;Beneficios;10;7
23/10/2018;Beneficios;18;11
24/10/2018;Beneficios;6;2
26/10/2018;Beneficios;3;0
29/10/2018;Beneficios;7;6
01/11/2018;Beneficios;1;1
02/11/2018;Beneficios;1;0
03/11/2018;Beneficios;2;0
06/11/2018;Beneficios;8;5
07/11/2018;Beneficios;8;0
08/11/2018;Beneficios;20;5
09/11/2018;Beneficios;4;3
12/11/2018;Beneficios;14;9
13/11/2018;Beneficios;14;6
14/11/2018;Beneficios;8;3
15/11/2018;Beneficios;8;2
16/11/2018;Beneficios;5;1
21/11/2018;Beneficios;2;0
23/11/2018;Beneficios;6;1
24/11/2018;Beneficios;8;3
26/11/2018;Beneficios;11;8
27/11/2018;Beneficios;2;1
24/09/2018;Debito Automatico;0;0
28/09/2018;Debito Automatico;2;0
01/10/2018;Debito Automatico;1;0
02/10/2018;Debito Automatico;2;0
03/10/2018;Debito Automatico;2;0
04/10/2018;Debito Automatico;0;0
05/10/2018;Debito Automatico;1;0
07/10/2018;Debito Automatico;0;0
08/10/2018;Debito Automatico;2;0
09/10/2018;Debito Automatico;1;1
10/10/2018;Debito Automatico;1;0
11/10/2018;Debito Automatico;1;0
12/10/2018;Debito Automatico;0;0
16/10/2018;Debito Automatico;1;0
17/10/2018;Debito Automatico;0;0
18/10/2018;Debito Automatico;0;0
19/10/2018;Debito Automatico;0;0
23/10/2018;Debito Automatico;0;0
24/10/2018;Debito Automatico;2;2
25/10/2018;Debito Automatico;8;1
26/10/2018;Debito Automatico;8;0
29/10/2018;Debito Automatico;1;0
01/11/2018;Debito Automatico;2;1
02/11/2018;Debito Automatico;1;0
05/11/2018;Debito Automatico;1;1
13/11/2018;Debito Automatico;1;0
26/11/2018;Debito Automatico;1;0
27/11/2018;Debito Automatico;1;0
24/09/2018;Derivacion;18;11
25/09/2018;Derivacion;1;0
26/09/2018;Derivacion;7;4
27/09/2018;Derivacion;3;2
28/09/2018;Derivacion;4;2
01/10/2018;Derivacion;41;33
02/10/2018;Derivacion;34;29
03/10/2018;Derivacion;52;44
04/10/2018;Derivacion;80;63
05/10/2018;Derivacion;55;44
06/10/2018;Derivacion;7;7
07/10/2018;Derivacion;2;1
08/10/2018;Derivacion;30;25
09/10/2018;Derivacion;62;58
10/10/2018;Derivacion;69;59
11/10/2018;Derivacion;94;81
12/10/2018;Derivacion;101;50
13/10/2018;Derivacion;4;1
14/10/2018;Derivacion;2;2
15/10/2018;Derivacion;2;2
16/10/2018;Derivacion;73;64
17/10/2018;Derivacion;76;65
18/10/2018;Derivacion;92;80
19/10/2018;Derivacion;112;105
20/10/2018;Derivacion;4;4
21/10/2018;Derivacion;0;0
22/10/2018;Derivacion;31;29
23/10/2018;Derivacion;47;41
24/10/2018;Derivacion;50;47
25/10/2018;Derivacion;24;20
26/10/2018;Derivacion;51;45
27/10/2018;Derivacion;27;24
28/10/2018;Derivacion;9;6
29/10/2018;Derivacion;38;33
30/10/2018;Derivacion;22;17
31/10/2018;Derivacion;36;35
01/11/2018;Derivacion;36;27
02/11/2018;Derivacion;48;39
03/11/2018;Derivacion;16;9
04/11/2018;Derivacion;17;13
05/11/2018;Derivacion;56;51
06/11/2018;Derivacion;33;28
07/11/2018;Derivacion;45;38
08/11/2018;Derivacion;34;31
09/11/2018;Derivacion;84;65
10/11/2018;Derivacion;15;12
11/11/2018;Derivacion;5;5
12/11/2018;Derivacion;106;95
13/11/2018;Derivacion;156;128
14/11/2018;Derivacion;151;135
15/11/2018;Derivacion;46;41
16/11/2018;Derivacion;28;28
17/11/2018;Derivacion;9;8
18/11/2018;Derivacion;5;4
19/11/2018;Derivacion;26;22
20/11/2018;Derivacion;30;24
21/11/2018;Derivacion;22;20
22/11/2018;Derivacion;25;21
23/11/2018;Derivacion;24;21
24/11/2018;Derivacion;9;6
25/11/2018;Derivacion;5;4
26/11/2018;Derivacion;29;17
27/11/2018;Derivacion;28;25
24/09/2018;Escucha activa;25;20
25/09/2018;Escucha activa;2;2
26/09/2018;Escucha activa;10;5
27/09/2018;Escucha activa;8;4
28/09/2018;Escucha activa;8;5
01/10/2018;Escucha activa;103;96
02/10/2018;Escucha activa;130;121
03/10/2018;Escucha activa;177;169
04/10/2018;Escucha activa;258;246
05/10/2018;Escucha activa;425;409
06/10/2018;Escucha activa;17;16
07/10/2018;Escucha activa;11;11
08/10/2018;Escucha activa;170;163
09/10/2018;Escucha activa;262;253
10/10/2018;Escucha activa;240;237
11/10/2018;Escucha activa;431;413
12/10/2018;Escucha activa;433;414
13/10/2018;Escucha activa;13;12
14/10/2018;Escucha activa;6;5
15/10/2018;Escucha activa;6;6
16/10/2018;Escucha activa;330;313
17/10/2018;Escucha activa;307;296
18/10/2018;Escucha activa;348;335
19/10/2018;Escucha activa;307;292
20/10/2018;Escucha activa;18;18
21/10/2018;Escucha activa;2;1
22/10/2018;Escucha activa;108;102
23/10/2018;Escucha activa;285;280
24/10/2018;Escucha activa;184;177
25/10/2018;Escucha activa;168;157
26/10/2018;Escucha activa;188;178
27/10/2018;Escucha activa;65;65
28/10/2018;Escucha activa;29;28
29/10/2018;Escucha activa;141;126
30/10/2018;Escucha activa;104;97
31/10/2018;Escucha activa;103;102
01/11/2018;Escucha activa;108;94
02/11/2018;Escucha activa;113;103
03/11/2018;Escucha activa;49;36
04/11/2018;Escucha activa;35;33
05/11/2018;Escucha activa;173;160
06/11/2018;Escucha activa;170;164
07/11/2018;Escucha activa;217;204
08/11/2018;Escucha activa;128;125
09/11/2018;Escucha activa;226;214
10/11/2018;Escucha activa;47;44
11/11/2018;Escucha activa;7;5
12/11/2018;Escucha activa;246;215
13/11/2018;Escucha activa;270;252
14/11/2018;Escucha activa;281;267
15/11/2018;Escucha activa;205;195
16/11/2018;Escucha activa;154;147
17/11/2018;Escucha activa;36;34
18/11/2018;Escucha activa;27;27
19/11/2018;Escucha activa;86;84
20/11/2018;Escucha activa;127;121
21/11/2018;Escucha activa;113;109
22/11/2018;Escucha activa;109;107
23/11/2018;Escucha activa;107;95
24/11/2018;Escucha activa;29;26
25/11/2018;Escucha activa;15;15
26/11/2018;Escucha activa;169;161
27/11/2018;Escucha activa;116;109
24/09/2018;Esfuerzo emocional;25;13
25/09/2018;Esfuerzo emocional;2;2
26/09/2018;Esfuerzo emocional;10;6
27/09/2018;Esfuerzo emocional;8;6
28/09/2018;Esfuerzo emocional;8;5
01/10/2018;Esfuerzo emocional;103;94
02/10/2018;Esfuerzo emocional;130;117
03/10/2018;Esfuerzo emocional;178;160
04/10/2018;Esfuerzo emocional;260;238
05/10/2018;Esfuerzo emocional;426;402
06/10/2018;Esfuerzo emocional;17;12
07/10/2018;Esfuerzo emocional;11;9
08/10/2018;Esfuerzo emocional;170;160
09/10/2018;Esfuerzo emocional;265;251
10/10/2018;Esfuerzo emocional;245;233
11/10/2018;Esfuerzo emocional;431;389
12/10/2018;Esfuerzo emocional;438;401
13/10/2018;Esfuerzo emocional;13;11
14/10/2018;Esfuerzo emocional;6;3
15/10/2018;Esfuerzo emocional;6;6
16/10/2018;Esfuerzo emocional;345;327
17/10/2018;Esfuerzo emocional;322;301
18/10/2018;Esfuerzo emocional;376;359
19/10/2018;Esfuerzo emocional;354;323
20/10/2018;Esfuerzo emocional;18;18
21/10/2018;Esfuerzo emocional;2;2
22/10/2018;Esfuerzo emocional;113;104
23/10/2018;Esfuerzo emocional;286;269
24/10/2018;Esfuerzo emocional;188;166
25/10/2018;Esfuerzo emocional;170;141
26/10/2018;Esfuerzo emocional;186;159
27/10/2018;Esfuerzo emocional;65;60
28/10/2018;Esfuerzo emocional;29;26
29/10/2018;Esfuerzo emocional;143;118
30/10/2018;Esfuerzo emocional;110;99
31/10/2018;Esfuerzo emocional;108;102
01/11/2018;Esfuerzo emocional;112;98
02/11/2018;Esfuerzo emocional;118;105
03/11/2018;Esfuerzo emocional;49;39
04/11/2018;Esfuerzo emocional;34;24
05/11/2018;Esfuerzo emocional;173;154
06/11/2018;Esfuerzo emocional;176;164
07/11/2018;Esfuerzo emocional;222;199
08/11/2018;Esfuerzo emocional;139;127
09/11/2018;Esfuerzo emocional;232;196
10/11/2018;Esfuerzo emocional;47;44
11/11/2018;Esfuerzo emocional;7;4
12/11/2018;Esfuerzo emocional;253;218
13/11/2018;Esfuerzo emocional;275;255
14/11/2018;Esfuerzo emocional;286;259
15/11/2018;Esfuerzo emocional;207;196
16/11/2018;Esfuerzo emocional;159;152
17/11/2018;Esfuerzo emocional;36;33
18/11/2018;Esfuerzo emocional;27;24
19/11/2018;Esfuerzo emocional;86;79
20/11/2018;Esfuerzo emocional;129;109
21/11/2018;Esfuerzo emocional;116;108
22/11/2018;Esfuerzo emocional;112;104
23/11/2018;Esfuerzo emocional;107;99
24/11/2018;Esfuerzo emocional;29;27
25/11/2018;Esfuerzo emocional;15;14
26/11/2018;Esfuerzo emocional;170;157
27/11/2018;Esfuerzo emocional;122;117
24/09/2018;Espera innecesaria;25;10
25/09/2018;Espera innecesaria;2;1
26/09/2018;Espera innecesaria;10;6
27/09/2018;Espera innecesaria;8;6
28/09/2018;Espera innecesaria;8;3
01/10/2018;Espera innecesaria;99;94
02/10/2018;Espera innecesaria;130;123
03/10/2018;Espera innecesaria;176;163
04/10/2018;Espera innecesaria;259;240
05/10/2018;Espera innecesaria;426;406
06/10/2018;Espera innecesaria;17;17
07/10/2018;Espera innecesaria;11;8
08/10/2018;Espera innecesaria;166;155
09/10/2018;Espera innecesaria;262;238
10/10/2018;Espera innecesaria;243;235
11/10/2018;Espera innecesaria;424;401
12/10/2018;Espera innecesaria;438;415
13/10/2018;Espera innecesaria;13;12
14/10/2018;Espera innecesaria;6;5
15/10/2018;Espera innecesaria;0;0
16/10/2018;Espera innecesaria;344;329
17/10/2018;Espera innecesaria;322;312
18/10/2018;Espera innecesaria;376;361
19/10/2018;Espera innecesaria;354;321
20/10/2018;Espera innecesaria;18;17
21/10/2018;Espera innecesaria;2;1
22/10/2018;Espera innecesaria;110;103
23/10/2018;Espera innecesaria;280;267
24/10/2018;Espera innecesaria;185;159
25/10/2018;Espera innecesaria;168;130
26/10/2018;Espera innecesaria;187;159
27/10/2018;Espera innecesaria;64;58
28/10/2018;Espera innecesaria;29;24
29/10/2018;Espera innecesaria;140;110
30/10/2018;Espera innecesaria;109;105
31/10/2018;Espera innecesaria;108;102
01/11/2018;Espera innecesaria;112;99
02/11/2018;Espera innecesaria;118;105
03/11/2018;Espera innecesaria;49;34
04/11/2018;Espera innecesaria;34;25
05/11/2018;Espera innecesaria;173;147
06/11/2018;Espera innecesaria;171;158
07/11/2018;Espera innecesaria;221;200
08/11/2018;Espera innecesaria;139;130
09/11/2018;Espera innecesaria;230;178
10/11/2018;Espera innecesaria;47;40
11/11/2018;Espera innecesaria;7;6
12/11/2018;Espera innecesaria;250;218
13/11/2018;Espera innecesaria;275;235
14/11/2018;Espera innecesaria;286;253
15/11/2018;Espera innecesaria;207;193
16/11/2018;Espera innecesaria;159;152
17/11/2018;Espera innecesaria;36;33
18/11/2018;Espera innecesaria;27;23
19/11/2018;Espera innecesaria;86;78
20/11/2018;Espera innecesaria;129;107
21/11/2018;Espera innecesaria;116;108
22/11/2018;Espera innecesaria;112;104
23/11/2018;Espera innecesaria;107;105
24/11/2018;Espera innecesaria;29;27
25/11/2018;Espera innecesaria;15;14
26/11/2018;Espera innecesaria;170;159
27/11/2018;Espera innecesaria;121;115
24/09/2018;Explicacion;24;17
25/09/2018;Explicacion;2;2
26/09/2018;Explicacion;9;5
27/09/2018;Explicacion;8;3
28/09/2018;Explicacion;8;3
01/10/2018;Explicacion;98;89
02/10/2018;Explicacion;122;107
03/10/2018;Explicacion;149;134
04/10/2018;Explicacion;213;180
05/10/2018;Explicacion;319;303
06/10/2018;Explicacion;15;14
07/10/2018;Explicacion;5;2
08/10/2018;Explicacion;147;142
09/10/2018;Explicacion;239;176
10/10/2018;Explicacion;135;123
11/10/2018;Explicacion;352;325
12/10/2018;Explicacion;325;293
13/10/2018;Explicacion;13;13
14/10/2018;Explicacion;6;3
15/10/2018;Explicacion;6;6
16/10/2018;Explicacion;209;183
17/10/2018;Explicacion;208;177
18/10/2018;Explicacion;327;287
19/10/2018;Explicacion;303;267
20/10/2018;Explicacion;18;17
21/10/2018;Explicacion;2;2
22/10/2018;Explicacion;77;61
23/10/2018;Explicacion;229;168
24/10/2018;Explicacion;143;127
25/10/2018;Explicacion;138;121
26/10/2018;Explicacion;156;124
27/10/2018;Explicacion;61;54
28/10/2018;Explicacion;29;26
29/10/2018;Explicacion;117;98
30/10/2018;Explicacion;84;73
31/10/2018;Explicacion;92;89
01/11/2018;Explicacion;76;61
02/11/2018;Explicacion;90;80
03/11/2018;Explicacion;44;32
04/11/2018;Explicacion;33;18
05/11/2018;Explicacion;141;101
06/11/2018;Explicacion;126;118
07/11/2018;Explicacion;154;139
08/11/2018;Explicacion;89;81
09/11/2018;Explicacion;189;139
10/11/2018;Explicacion;46;41
11/11/2018;Explicacion;4;0
12/11/2018;Explicacion;197;161
13/11/2018;Explicacion;219;187
14/11/2018;Explicacion;241;211
15/11/2018;Explicacion;129;119
16/11/2018;Explicacion;107;94
17/11/2018;Explicacion;33;27
18/11/2018;Explicacion;24;24
19/11/2018;Explicacion;85;74
20/11/2018;Explicacion;87;76
21/11/2018;Explicacion;72;69
22/11/2018;Explicacion;72;64
23/11/2018;Explicacion;68;60
24/11/2018;Explicacion;21;18
25/11/2018;Explicacion;13;10
26/11/2018;Explicacion;118;111
27/11/2018;Explicacion;76;68
24/09/2018;Fidelizacion;15;12
26/09/2018;Fidelizacion;10;4
27/09/2018;Fidelizacion;6;2
28/09/2018;Fidelizacion;7;4
01/10/2018;Fidelizacion;42;40
02/10/2018;Fidelizacion;72;68
03/10/2018;Fidelizacion;65;59
04/10/2018;Fidelizacion;71;62
05/10/2018;Fidelizacion;255;227
06/10/2018;Fidelizacion;6;5
07/10/2018;Fidelizacion;2;2
08/10/2018;Fidelizacion;78;75
09/10/2018;Fidelizacion;91;86
10/10/2018;Fidelizacion;139;130
11/10/2018;Fidelizacion;231;205
12/10/2018;Fidelizacion;270;252
14/10/2018;Fidelizacion;0;0
15/10/2018;Fidelizacion;0;0
16/10/2018;Fidelizacion;212;205
17/10/2018;Fidelizacion;176;164
18/10/2018;Fidelizacion;247;241
19/10/2018;Fidelizacion;126;123
20/10/2018;Fidelizacion;5;5
21/10/2018;Fidelizacion;0;0
22/10/2018;Fidelizacion;50;49
23/10/2018;Fidelizacion;98;95
24/10/2018;Fidelizacion;111;106
25/10/2018;Fidelizacion;122;111
26/10/2018;Fidelizacion;140;128
27/10/2018;Fidelizacion;38;37
28/10/2018;Fidelizacion;25;18
29/10/2018;Fidelizacion;85;63
30/10/2018;Fidelizacion;60;53
31/10/2018;Fidelizacion;64;61
01/11/2018;Fidelizacion;64;54
02/11/2018;Fidelizacion;74;67
03/11/2018;Fidelizacion;39;25
04/11/2018;Fidelizacion;31;24
05/11/2018;Fidelizacion;114;103
06/11/2018;Fidelizacion;67;60
07/11/2018;Fidelizacion;124;108
08/11/2018;Fidelizacion;70;68
09/11/2018;Fidelizacion;183;168
10/11/2018;Fidelizacion;29;29
11/11/2018;Fidelizacion;7;4
12/11/2018;Fidelizacion;168;138
13/11/2018;Fidelizacion;207;192
14/11/2018;Fidelizacion;193;174
15/11/2018;Fidelizacion;124;116
16/11/2018;Fidelizacion;90;85
17/11/2018;Fidelizacion;15;14
18/11/2018;Fidelizacion;21;19
19/11/2018;Fidelizacion;19;18
20/11/2018;Fidelizacion;60;58
21/11/2018;Fidelizacion;58;54
22/11/2018;Fidelizacion;55;47
23/11/2018;Fidelizacion;30;29
24/11/2018;Fidelizacion;8;5
25/11/2018;Fidelizacion;10;10
26/11/2018;Fidelizacion;88;81
27/11/2018;Fidelizacion;66;63
24/09/2018;Herramientas Sistema;24;18
25/09/2018;Herramientas Sistema;2;2
26/09/2018;Herramientas Sistema;9;5
27/09/2018;Herramientas Sistema;8;5
28/09/2018;Herramientas Sistema;8;4
01/10/2018;Herramientas Sistema;103;96
02/10/2018;Herramientas Sistema;130;116
03/10/2018;Herramientas Sistema;178;163
04/10/2018;Herramientas Sistema;260;226
05/10/2018;Herramientas Sistema;425;361
06/10/2018;Herramientas Sistema;17;16
07/10/2018;Herramientas Sistema;11;9
08/10/2018;Herramientas Sistema;170;161
09/10/2018;Herramientas Sistema;265;249
10/10/2018;Herramientas Sistema;249;214
11/10/2018;Herramientas Sistema;432;394
12/10/2018;Herramientas Sistema;437;395
13/10/2018;Herramientas Sistema;13;12
14/10/2018;Herramientas Sistema;6;5
15/10/2018;Herramientas Sistema;6;6
16/10/2018;Herramientas Sistema;344;289
17/10/2018;Herramientas Sistema;321;265
18/10/2018;Herramientas Sistema;376;333
19/10/2018;Herramientas Sistema;354;328
20/10/2018;Herramientas Sistema;18;16
21/10/2018;Herramientas Sistema;2;2
22/10/2018;Herramientas Sistema;112;102
23/10/2018;Herramientas Sistema;296;269
24/10/2018;Herramientas Sistema;192;164
25/10/2018;Herramientas Sistema;169;148
26/10/2018;Herramientas Sistema;184;172
27/10/2018;Herramientas Sistema;63;52
28/10/2018;Herramientas Sistema;29;27
29/10/2018;Herramientas Sistema;143;118
30/10/2018;Herramientas Sistema;110;94
31/10/2018;Herramientas Sistema;108;95
01/11/2018;Herramientas Sistema;110;99
02/11/2018;Herramientas Sistema;118;98
03/11/2018;Herramientas Sistema;49;33
04/11/2018;Herramientas Sistema;35;24
05/11/2018;Herramientas Sistema;172;142
06/11/2018;Herramientas Sistema;176;150
07/11/2018;Herramientas Sistema;219;193
08/11/2018;Herramientas Sistema;139;120
09/11/2018;Herramientas Sistema;235;197
10/11/2018;Herramientas Sistema;47;44
11/11/2018;Herramientas Sistema;7;6
12/11/2018;Herramientas Sistema;253;209
13/11/2018;Herramientas Sistema;276;234
14/11/2018;Herramientas Sistema;286;254
15/11/2018;Herramientas Sistema;207;179
16/11/2018;Herramientas Sistema;153;139
17/11/2018;Herramientas Sistema;36;36
18/11/2018;Herramientas Sistema;28;27
19/11/2018;Herramientas Sistema;85;79
20/11/2018;Herramientas Sistema;129;107
21/11/2018;Herramientas Sistema;116;95
22/11/2018;Herramientas Sistema;112;96
23/11/2018;Herramientas Sistema;107;92
24/11/2018;Herramientas Sistema;29;26
25/11/2018;Herramientas Sistema;14;14
26/11/2018;Herramientas Sistema;170;151
27/11/2018;Herramientas Sistema;121;104
24/09/2018;Identificacion  el problema;25;21
25/09/2018;Identificacion  el problema;2;2
26/09/2018;Identificacion  el problema;10;5
27/09/2018;Identificacion  el problema;8;5
28/09/2018;Identificacion  el problema;7;4
01/10/2018;Identificacion  el problema;103;96
02/10/2018;Identificacion  el problema;129;118
03/10/2018;Identificacion  el problema;169;160
04/10/2018;Identificacion  el problema;242;225
05/10/2018;Identificacion  el problema;356;330
06/10/2018;Identificacion  el problema;17;17
07/10/2018;Identificacion  el problema;11;10
08/10/2018;Identificacion  el problema;166;158
09/10/2018;Identificacion  el problema;257;234
10/10/2018;Identificacion  el problema;206;197
11/10/2018;Identificacion  el problema;384;353
12/10/2018;Identificacion  el problema;401;372
13/10/2018;Identificacion  el problema;13;10
14/10/2018;Identificacion  el problema;6;6
15/10/2018;Identificacion  el problema;6;6
16/10/2018;Identificacion  el problema;290;280
17/10/2018;Identificacion  el problema;280;257
18/10/2018;Identificacion  el problema;348;322
19/10/2018;Identificacion  el problema;334;321
20/10/2018;Identificacion  el problema;18;18
21/10/2018;Identificacion  el problema;2;1
22/10/2018;Identificacion  el problema;102;91
23/10/2018;Identificacion  el problema;267;254
24/10/2018;Identificacion  el problema;170;153
25/10/2018;Identificacion  el problema;160;152
26/10/2018;Identificacion  el problema;180;160
27/10/2018;Identificacion  el problema;65;61
28/10/2018;Identificacion  el problema;29;28
29/10/2018;Identificacion  el problema;135;111
30/10/2018;Identificacion  el problema;101;92
31/10/2018;Identificacion  el problema;100;92
01/11/2018;Identificacion  el problema;102;91
02/11/2018;Identificacion  el problema;109;96
03/11/2018;Identificacion  el problema;49;36
04/11/2018;Identificacion  el problema;35;26
05/11/2018;Identificacion  el problema;153;142
06/11/2018;Identificacion  el problema;158;143
07/11/2018;Identificacion  el problema;187;161
08/11/2018;Identificacion  el problema;126;107
09/11/2018;Identificacion  el problema;215;200
10/11/2018;Identificacion  el problema;47;42
11/11/2018;Identificacion  el problema;7;5
12/11/2018;Identificacion  el problema;228;188
13/11/2018;Identificacion  el problema;257;231
14/11/2018;Identificacion  el problema;265;248
15/11/2018;Identificacion  el problema;165;151
16/11/2018;Identificacion  el problema;133;123
17/11/2018;Identificacion  el problema;36;34
18/11/2018;Identificacion  el problema;27;26
19/11/2018;Identificacion  el problema;86;84
20/11/2018;Identificacion  el problema;99;91
21/11/2018;Identificacion  el problema;95;89
22/11/2018;Identificacion  el problema;97;90
23/11/2018;Identificacion  el problema;98;85
24/11/2018;Identificacion  el problema;28;21
25/11/2018;Identificacion  el problema;15;13
26/11/2018;Identificacion  el problema;152;137
27/11/2018;Identificacion  el problema;101;89
22/10/2018;Impulso al cierre;11;4
23/10/2018;Impulso al cierre;18;8
24/10/2018;Impulso al cierre;6;0
26/10/2018;Impulso al cierre;4;1
29/10/2018;Impulso al cierre;6;5
01/11/2018;Impulso al cierre;1;1
02/11/2018;Impulso al cierre;2;2
03/11/2018;Impulso al cierre;2;0
05/11/2018;Impulso al cierre;1;1
06/11/2018;Impulso al cierre;10;6
07/11/2018;Impulso al cierre;10;1
08/11/2018;Impulso al cierre;20;11
09/11/2018;Impulso al cierre;3;2
12/11/2018;Impulso al cierre;15;9
13/11/2018;Impulso al cierre;15;10
14/11/2018;Impulso al cierre;8;6
15/11/2018;Impulso al cierre;9;7
16/11/2018;Impulso al cierre;5;1
21/11/2018;Impulso al cierre;3;2
23/11/2018;Impulso al cierre;7;3
24/11/2018;Impulso al cierre;8;7
26/11/2018;Impulso al cierre;9;8
27/11/2018;Impulso al cierre;2;2
22/10/2018;Indagacion;10;3
23/10/2018;Indagacion;18;4
24/10/2018;Indagacion;6;2
26/10/2018;Indagacion;3;1
29/10/2018;Indagacion;4;1
02/11/2018;Indagacion;1;0
03/11/2018;Indagacion;2;0
06/11/2018;Indagacion;9;5
07/11/2018;Indagacion;8;0
08/11/2018;Indagacion;20;6
09/11/2018;Indagacion;3;1
12/11/2018;Indagacion;10;3
13/11/2018;Indagacion;14;5
14/11/2018;Indagacion;5;3
15/11/2018;Indagacion;7;3
16/11/2018;Indagacion;3;0
21/11/2018;Indagacion;3;1
23/11/2018;Indagacion;4;0
24/11/2018;Indagacion;5;2
26/11/2018;Indagacion;4;4
27/11/2018;Indagacion;1;1
24/09/2018;Info correcta;24;14
25/09/2018;Info correcta;2;1
26/09/2018;Info correcta;10;7
27/09/2018;Info correcta;8;6
28/09/2018;Info correcta;8;6
01/10/2018;Info correcta;101;93
02/10/2018;Info correcta;129;114
03/10/2018;Info correcta;178;142
04/10/2018;Info correcta;261;232
05/10/2018;Info correcta;420;391
06/10/2018;Info correcta;17;15
07/10/2018;Info correcta;11;8
08/10/2018;Info correcta;170;168
09/10/2018;Info correcta;265;243
10/10/2018;Info correcta;247;225
11/10/2018;Info correcta;420;386
12/10/2018;Info correcta;433;400
13/10/2018;Info correcta;13;11
14/10/2018;Info correcta;6;5
15/10/2018;Info correcta;6;6
16/10/2018;Info correcta;342;311
17/10/2018;Info correcta;317;291
18/10/2018;Info correcta;375;355
19/10/2018;Info correcta;354;326
20/10/2018;Info correcta;18;16
21/10/2018;Info correcta;2;2
22/10/2018;Info correcta;110;95
23/10/2018;Info correcta;290;264
24/10/2018;Info correcta;192;167
25/10/2018;Info correcta;169;151
26/10/2018;Info correcta;190;171
27/10/2018;Info correcta;65;60
28/10/2018;Info correcta;29;24
29/10/2018;Info correcta;144;119
30/10/2018;Info correcta;110;94
31/10/2018;Info correcta;108;99
01/11/2018;Info correcta;111;95
02/11/2018;Info correcta;118;106
03/11/2018;Info correcta;49;32
04/11/2018;Info correcta;35;21
05/11/2018;Info correcta;171;143
06/11/2018;Info correcta;176;157
07/11/2018;Info correcta;215;185
08/11/2018;Info correcta;135;117
09/11/2018;Info correcta;232;205
10/11/2018;Info correcta;47;43
11/11/2018;Info correcta;7;6
12/11/2018;Info correcta;249;211
13/11/2018;Info correcta;273;224
14/11/2018;Info correcta;283;264
15/11/2018;Info correcta;205;182
16/11/2018;Info correcta;155;144
17/11/2018;Info correcta;36;35
18/11/2018;Info correcta;28;26
19/11/2018;Info correcta;86;79
20/11/2018;Info correcta;128;110
21/11/2018;Info correcta;115;105
22/11/2018;Info correcta;112;98
23/11/2018;Info correcta;106;94
24/11/2018;Info correcta;29;20
25/11/2018;Info correcta;15;13
26/11/2018;Info correcta;169;144
27/11/2018;Info correcta;122;109
22/10/2018;Lenguaje positivo;24;23
23/10/2018;Lenguaje positivo;50;43
24/10/2018;Lenguaje positivo;41;38
25/10/2018;Lenguaje positivo;43;40
26/10/2018;Lenguaje positivo;58;56
27/10/2018;Lenguaje positivo;35;35
28/10/2018;Lenguaje positivo;26;25
29/10/2018;Lenguaje positivo;52;38
30/10/2018;Lenguaje positivo;18;15
31/10/2018;Lenguaje positivo;38;38
01/11/2018;Lenguaje positivo;31;30
02/11/2018;Lenguaje positivo;45;41
03/11/2018;Lenguaje positivo;39;23
04/11/2018;Lenguaje positivo;29;26
05/11/2018;Lenguaje positivo;70;61
06/11/2018;Lenguaje positivo;24;20
07/11/2018;Lenguaje positivo;79;74
08/11/2018;Lenguaje positivo;50;48
09/11/2018;Lenguaje positivo;127;106
10/11/2018;Lenguaje positivo;27;26
11/11/2018;Lenguaje positivo;3;1
12/11/2018;Lenguaje positivo;125;100
13/11/2018;Lenguaje positivo;169;153
14/11/2018;Lenguaje positivo;165;153
15/11/2018;Lenguaje positivo;63;54
16/11/2018;Lenguaje positivo;28;23
17/11/2018;Lenguaje positivo;12;12
18/11/2018;Lenguaje positivo;20;20
19/11/2018;Lenguaje positivo;15;14
20/11/2018;Lenguaje positivo;3;2
21/11/2018;Lenguaje positivo;10;8
22/11/2018;Lenguaje positivo;11;8
23/11/2018;Lenguaje positivo;14;12
24/11/2018;Lenguaje positivo;16;13
25/11/2018;Lenguaje positivo;9;8
26/11/2018;Lenguaje positivo;61;60
27/11/2018;Lenguaje positivo;36;35
24/09/2018;Lenguaje positivo;25;18
25/09/2018;Lenguaje positivo;2;2
26/09/2018;Lenguaje positivo;10;6
27/09/2018;Lenguaje positivo;8;6
28/09/2018;Lenguaje positivo;7;5
01/10/2018;Lenguaje positivo;103;97
02/10/2018;Lenguaje positivo;129;117
03/10/2018;Lenguaje positivo;173;161
04/10/2018;Lenguaje positivo;252;221
05/10/2018;Lenguaje positivo;423;383
06/10/2018;Lenguaje positivo;17;15
07/10/2018;Lenguaje positivo;11;7
08/10/2018;Lenguaje positivo;167;150
09/10/2018;Lenguaje positivo;262;251
10/10/2018;Lenguaje positivo;245;217
11/10/2018;Lenguaje positivo;432;380
12/10/2018;Lenguaje positivo;427;368
13/10/2018;Lenguaje positivo;13;10
14/10/2018;Lenguaje positivo;6;6
15/10/2018;Lenguaje positivo;6;6
16/10/2018;Lenguaje positivo;338;286
17/10/2018;Lenguaje positivo;277;232
18/10/2018;Lenguaje positivo;371;331
19/10/2018;Lenguaje positivo;352;339
20/10/2018;Lenguaje positivo;18;17
21/10/2018;Lenguaje positivo;2;2
22/10/2018;Lenguaje positivo;84;80
23/10/2018;Lenguaje positivo;241;230
24/10/2018;Lenguaje positivo;149;127
25/10/2018;Lenguaje positivo;124;115
26/10/2018;Lenguaje positivo;123;102
27/10/2018;Lenguaje positivo;28;24
28/10/2018;Lenguaje positivo;3;3
29/10/2018;Lenguaje positivo;90;82
30/10/2018;Lenguaje positivo;88;77
31/10/2018;Lenguaje positivo;70;60
01/11/2018;Lenguaje positivo;77;66
02/11/2018;Lenguaje positivo;70;62
03/11/2018;Lenguaje positivo;10;8
04/11/2018;Lenguaje positivo;4;3
05/11/2018;Lenguaje positivo;102;90
06/11/2018;Lenguaje positivo;150;134
07/11/2018;Lenguaje positivo;140;120
08/11/2018;Lenguaje positivo;87;76
09/11/2018;Lenguaje positivo;106;92
10/11/2018;Lenguaje positivo;20;17
11/11/2018;Lenguaje positivo;3;3
12/11/2018;Lenguaje positivo;119;103
13/11/2018;Lenguaje positivo;105;93
14/11/2018;Lenguaje positivo;117;102
15/11/2018;Lenguaje positivo;141;125
16/11/2018;Lenguaje positivo;125;116
17/11/2018;Lenguaje positivo;22;19
18/11/2018;Lenguaje positivo;6;6
19/11/2018;Lenguaje positivo;71;63
20/11/2018;Lenguaje positivo;125;115
21/11/2018;Lenguaje positivo;103;85
22/11/2018;Lenguaje positivo;88;81
23/11/2018;Lenguaje positivo;85;73
24/11/2018;Lenguaje positivo;13;10
25/11/2018;Lenguaje positivo;5;4
26/11/2018;Lenguaje positivo;107;96
27/11/2018;Lenguaje positivo;83;70
22/10/2018;Motivo del Llamado;11;6
23/10/2018;Motivo del Llamado;18;10
24/10/2018;Motivo del Llamado;6;2
26/10/2018;Motivo del Llamado;4;1
29/10/2018;Motivo del Llamado;6;5
01/11/2018;Motivo del Llamado;1;1
02/11/2018;Motivo del Llamado;3;2
03/11/2018;Motivo del Llamado;2;0
05/11/2018;Motivo del Llamado;2;2
06/11/2018;Motivo del Llamado;10;4
07/11/2018;Motivo del Llamado;10;1
08/11/2018;Motivo del Llamado;20;8
09/11/2018;Motivo del Llamado;4;1
12/11/2018;Motivo del Llamado;15;8
13/11/2018;Motivo del Llamado;15;6
14/11/2018;Motivo del Llamado;9;3
15/11/2018;Motivo del Llamado;10;5
16/11/2018;Motivo del Llamado;5;2
21/11/2018;Motivo del Llamado;3;1
23/11/2018;Motivo del Llamado;8;3
24/11/2018;Motivo del Llamado;8;3
26/11/2018;Motivo del Llamado;9;6
27/11/2018;Motivo del Llamado;2;2
24/09/2018;Negociacion;29;22
25/09/2018;Negociacion;2;2
26/09/2018;Negociacion;8;3
27/09/2018;Negociacion;6;4
28/09/2018;Negociacion;6;2
01/10/2018;Negociacion;61;52
02/10/2018;Negociacion;98;84
03/10/2018;Negociacion;176;144
04/10/2018;Negociacion;200;174
05/10/2018;Negociacion;201;158
06/10/2018;Negociacion;11;9
07/10/2018;Negociacion;3;2
08/10/2018;Negociacion;63;52
09/10/2018;Negociacion;115;86
10/10/2018;Negociacion;134;105
11/10/2018;Negociacion;233;168
12/10/2018;Negociacion;252;218
13/10/2018;Negociacion;21;17
14/10/2018;Negociacion;1;0
15/10/2018;Negociacion;0;0
16/10/2018;Negociacion;174;146
17/10/2018;Negociacion;109;79
18/10/2018;Negociacion;156;128
19/10/2018;Negociacion;138;120
20/10/2018;Negociacion;18;13
21/10/2018;Negociacion;0;0
22/10/2018;Negociacion;53;36
23/10/2018;Negociacion;165;134
24/10/2018;Negociacion;122;98
25/10/2018;Negociacion;104;96
26/10/2018;Negociacion;105;92
27/10/2018;Negociacion;47;42
28/10/2018;Negociacion;25;24
29/10/2018;Negociacion;88;68
30/10/2018;Negociacion;59;44
31/10/2018;Negociacion;79;69
01/11/2018;Negociacion;66;57
02/11/2018;Negociacion;82;66
03/11/2018;Negociacion;43;25
04/11/2018;Negociacion;28;17
05/11/2018;Negociacion;111;88
06/11/2018;Negociacion;106;81
07/11/2018;Negociacion;123;99
08/11/2018;Negociacion;70;57
09/11/2018;Negociacion;156;130
10/11/2018;Negociacion;47;40
11/11/2018;Negociacion;4;1
12/11/2018;Negociacion;153;114
13/11/2018;Negociacion;214;190
14/11/2018;Negociacion;200;178
15/11/2018;Negociacion;116;95
16/11/2018;Negociacion;85;74
17/11/2018;Negociacion;41;39
18/11/2018;Negociacion;22;21
19/11/2018;Negociacion;76;66
20/11/2018;Negociacion;65;57
21/11/2018;Negociacion;64;54
22/11/2018;Negociacion;30;21
23/11/2018;Negociacion;61;45
24/11/2018;Negociacion;26;18
25/11/2018;Negociacion;13;12
26/11/2018;Negociacion;102;86
27/11/2018;Negociacion;71;57
24/09/2018;Objetivo;4;1
26/09/2018;Objetivo;1;1
27/09/2018;Objetivo;3;2
01/10/2018;Objetivo;39;28
02/10/2018;Objetivo;46;29
03/10/2018;Objetivo;29;16
04/10/2018;Objetivo;45;29
05/10/2018;Objetivo;293;168
08/10/2018;Objetivo;39;27
09/10/2018;Objetivo;48;30
10/10/2018;Objetivo;141;97
11/10/2018;Objetivo;239;173
12/10/2018;Objetivo;220;131
16/10/2018;Objetivo;168;102
17/10/2018;Objetivo;147;92
18/10/2018;Objetivo;135;71
19/10/2018;Objetivo;69;46
22/10/2018;Objetivo;32;14
23/10/2018;Objetivo;63;36
24/10/2018;Objetivo;61;40
25/10/2018;Objetivo;31;20
26/10/2018;Objetivo;33;20
29/10/2018;Objetivo;34;25
30/10/2018;Objetivo;37;26
31/10/2018;Objetivo;19;6
01/11/2018;Objetivo;28;20
02/11/2018;Objetivo;27;13
05/11/2018;Objetivo;40;27
06/11/2018;Objetivo;58;38
07/11/2018;Objetivo;63;36
08/11/2018;Objetivo;36;20
09/11/2018;Objetivo;44;28
12/11/2018;Objetivo;56;37
13/11/2018;Objetivo;55;27
14/11/2018;Objetivo;52;30
15/11/2018;Objetivo;97;46
16/11/2018;Objetivo;48;30
19/11/2018;Objetivo;2;2
20/11/2018;Objetivo;69;41
21/11/2018;Objetivo;65;37
22/11/2018;Objetivo;29;18
23/11/2018;Objetivo;31;18
26/11/2018;Objetivo;56;29
27/11/2018;Objetivo;40;27
24/09/2018;Objetivo;1;1
26/09/2018;Objetivo;1;1
27/09/2018;Objetivo;3;2
01/10/2018;Objetivo;8;3
02/10/2018;Objetivo;7;5
03/10/2018;Objetivo;2;1
04/10/2018;Objetivo;1;1
05/10/2018;Objetivo;7;7
08/10/2018;Objetivo;1;1
09/10/2018;Objetivo;19;18
10/10/2018;Objetivo;5;5
11/10/2018;Objetivo;31;23
12/10/2018;Objetivo;24;7
16/10/2018;Objetivo;5;5
17/10/2018;Objetivo;2;2
18/10/2018;Objetivo;4;4
19/10/2018;Objetivo;4;4
22/10/2018;Objetivo;1;0
23/10/2018;Objetivo;11;5
24/10/2018;Objetivo;3;3
25/10/2018;Objetivo;1;1
26/10/2018;Objetivo;4;4
29/10/2018;Objetivo;1;0
01/11/2018;Objetivo;1;1
02/11/2018;Objetivo;3;2
05/11/2018;Objetivo;5;5
06/11/2018;Objetivo;1;1
07/11/2018;Objetivo;5;2
08/11/2018;Objetivo;1;1
09/11/2018;Objetivo;1;1
12/11/2018;Objetivo;5;4
13/11/2018;Objetivo;1;0
14/11/2018;Objetivo;1;1
15/11/2018;Objetivo;8;8
16/11/2018;Objetivo;3;3
19/11/2018;Objetivo;2;2
20/11/2018;Objetivo;5;5
21/11/2018;Objetivo;5;5
22/11/2018;Objetivo;1;1
23/11/2018;Objetivo;1;1
26/11/2018;Objetivo;3;3
27/11/2018;Objetivo;5;2
24/09/2018;ODM;1;0
26/09/2018;ODM;1;0
28/09/2018;ODM;0;0
01/10/2018;ODM;1;0
02/10/2018;ODM;0;0
03/10/2018;ODM;11;0
04/10/2018;ODM;23;0
05/10/2018;ODM;6;0
07/10/2018;ODM;0;0
08/10/2018;ODM;5;0
09/10/2018;ODM;7;0
10/10/2018;ODM;0;0
11/10/2018;ODM;0;0
12/10/2018;ODM;1;0
16/10/2018;ODM;0;0
17/10/2018;ODM;0;0
18/10/2018;ODM;0;0
19/10/2018;ODM;0;0
22/10/2018;ODM;0;0
23/10/2018;ODM;2;0
24/10/2018;ODM;0;0
25/10/2018;ODM;0;0
26/10/2018;ODM;0;0
27/10/2018;ODM;0;0
29/10/2018;ODM;0;0
30/10/2018;ODM;0;0
24/09/2018;Ofrecimiento;0;0
26/09/2018;Ofrecimiento;0;0
28/09/2018;Ofrecimiento;2;1
01/10/2018;Ofrecimiento;1;1
02/10/2018;Ofrecimiento;6;2
03/10/2018;Ofrecimiento;10;7
04/10/2018;Ofrecimiento;2;0
05/10/2018;Ofrecimiento;1;0
07/10/2018;Ofrecimiento;1;1
08/10/2018;Ofrecimiento;3;2
09/10/2018;Ofrecimiento;5;2
10/10/2018;Ofrecimiento;3;1
11/10/2018;Ofrecimiento;5;4
12/10/2018;Ofrecimiento;3;3
16/10/2018;Ofrecimiento;4;4
17/10/2018;Ofrecimiento;1;1
18/10/2018;Ofrecimiento;2;2
19/10/2018;Ofrecimiento;1;0
23/10/2018;Ofrecimiento;2;1
24/10/2018;Ofrecimiento;6;3
25/10/2018;Ofrecimiento;32;22
26/10/2018;Ofrecimiento;25;9
29/10/2018;Ofrecimiento;4;2
31/10/2018;Ofrecimiento;1;0
01/11/2018;Ofrecimiento;7;5
02/11/2018;Ofrecimiento;3;3
05/11/2018;Ofrecimiento;2;2
06/11/2018;Ofrecimiento;1;1
07/11/2018;Ofrecimiento;2;1
09/11/2018;Ofrecimiento;11;5
12/11/2018;Ofrecimiento;1;1
13/11/2018;Ofrecimiento;2;2
14/11/2018;Ofrecimiento;1;0
16/11/2018;Ofrecimiento;1;1
20/11/2018;Ofrecimiento;5;5
22/11/2018;Ofrecimiento;2;1
23/11/2018;Ofrecimiento;2;1
26/11/2018;Ofrecimiento;3;1
27/11/2018;Ofrecimiento;2;2
24/09/2018;Persuasion;21;15
25/09/2018;Persuasion;1;1
26/09/2018;Persuasion;9;5
27/09/2018;Persuasion;8;5
28/09/2018;Persuasion;6;1
01/10/2018;Persuasion;69;48
02/10/2018;Persuasion;88;62
03/10/2018;Persuasion;109;64
04/10/2018;Persuasion;120;77
05/10/2018;Persuasion;222;172
06/10/2018;Persuasion;6;6
07/10/2018;Persuasion;1;0
08/10/2018;Persuasion;60;43
09/10/2018;Persuasion;118;89
10/10/2018;Persuasion;119;89
11/10/2018;Persuasion;224;155
12/10/2018;Persuasion;228;182
13/10/2018;Persuasion;10;7
14/10/2018;Persuasion;0;0
15/10/2018;Persuasion;0;0
16/10/2018;Persuasion;165;121
17/10/2018;Persuasion;138;102
18/10/2018;Persuasion;140;112
19/10/2018;Persuasion;117;86
20/10/2018;Persuasion;6;4
21/10/2018;Persuasion;0;0
22/10/2018;Persuasion;34;27
23/10/2018;Persuasion;114;88
24/10/2018;Persuasion;87;67
25/10/2018;Persuasion;58;38
26/10/2018;Persuasion;54;25
27/10/2018;Persuasion;24;13
28/10/2018;Persuasion;1;1
29/10/2018;Persuasion;52;33
30/10/2018;Persuasion;43;29
31/10/2018;Persuasion;35;22
01/11/2018;Persuasion;34;22
02/11/2018;Persuasion;49;18
03/11/2018;Persuasion;16;5
04/11/2018;Persuasion;15;5
05/11/2018;Persuasion;72;37
06/11/2018;Persuasion;78;48
07/11/2018;Persuasion;68;46
08/11/2018;Persuasion;41;32
09/11/2018;Persuasion;52;29
10/11/2018;Persuasion;17;8
11/11/2018;Persuasion;2;0
12/11/2018;Persuasion;109;65
13/11/2018;Persuasion;145;126
14/11/2018;Persuasion;60;49
15/11/2018;Persuasion;101;78
16/11/2018;Persuasion;73;53
17/11/2018;Persuasion;14;7
19/11/2018;Persuasion;36;18
20/11/2018;Persuasion;75;58
21/11/2018;Persuasion;58;50
22/11/2018;Persuasion;30;19
23/11/2018;Persuasion;42;24
24/11/2018;Persuasion;13;8
25/11/2018;Persuasion;4;4
26/11/2018;Persuasion;50;43
27/11/2018;Persuasion;40;28
22/10/2018;Presentacion;11;10
23/10/2018;Presentacion;27;23
24/10/2018;Presentacion;6;6
26/10/2018;Presentacion;4;2
29/10/2018;Presentacion;7;5
01/11/2018;Presentacion;1;1
02/11/2018;Presentacion;3;3
03/11/2018;Presentacion;2;2
05/11/2018;Presentacion;2;2
06/11/2018;Presentacion;11;11
07/11/2018;Presentacion;12;12
08/11/2018;Presentacion;20;16
09/11/2018;Presentacion;4;3
12/11/2018;Presentacion;19;17
13/11/2018;Presentacion;16;15
14/11/2018;Presentacion;9;9
15/11/2018;Presentacion;8;8
16/11/2018;Presentacion;5;5
21/11/2018;Presentacion;3;3
23/11/2018;Presentacion;8;7
24/11/2018;Presentacion;8;8
26/11/2018;Presentacion;12;12
27/11/2018;Presentacion;2;2
22/10/2018;Procedimiento;24;24
23/10/2018;Procedimiento;48;45
24/10/2018;Procedimiento;41;39
25/10/2018;Procedimiento;42;41
26/10/2018;Procedimiento;60;60
27/10/2018;Procedimiento;30;30
28/10/2018;Procedimiento;26;26
29/10/2018;Procedimiento;52;48
30/10/2018;Procedimiento;18;17
31/10/2018;Procedimiento;38;37
01/11/2018;Procedimiento;30;29
02/11/2018;Procedimiento;45;44
03/11/2018;Procedimiento;39;32
04/11/2018;Procedimiento;24;24
05/11/2018;Procedimiento;66;59
06/11/2018;Procedimiento;22;21
07/11/2018;Procedimiento;77;74
08/11/2018;Procedimiento;50;48
09/11/2018;Procedimiento;129;119
10/11/2018;Procedimiento;26;26
11/11/2018;Procedimiento;3;3
12/11/2018;Procedimiento;125;118
13/11/2018;Procedimiento;170;163
14/11/2018;Procedimiento;163;160
15/11/2018;Procedimiento;61;60
16/11/2018;Procedimiento;26;26
17/11/2018;Procedimiento;12;12
18/11/2018;Procedimiento;20;20
19/11/2018;Procedimiento;15;15
20/11/2018;Procedimiento;3;2
21/11/2018;Procedimiento;10;10
22/11/2018;Procedimiento;9;7
23/11/2018;Procedimiento;13;10
24/11/2018;Procedimiento;16;16
25/11/2018;Procedimiento;10;10
26/11/2018;Procedimiento;61;61
27/11/2018;Procedimiento;35;34
24/09/2018;Procedimiento;23;22
25/09/2018;Procedimiento;2;2
26/09/2018;Procedimiento;9;4
27/09/2018;Procedimiento;8;4
28/09/2018;Procedimiento;8;5
01/10/2018;Procedimiento;83;74
02/10/2018;Procedimiento;92;84
03/10/2018;Procedimiento;151;148
04/10/2018;Procedimiento;215;202
05/10/2018;Procedimiento;144;129
06/10/2018;Procedimiento;17;16
07/10/2018;Procedimiento;11;11
08/10/2018;Procedimiento;132;122
09/10/2018;Procedimiento;212;185
10/10/2018;Procedimiento;126;115
11/10/2018;Procedimiento;264;244
12/10/2018;Procedimiento;248;234
13/10/2018;Procedimiento;13;10
14/10/2018;Procedimiento;6;6
15/10/2018;Procedimiento;6;6
16/10/2018;Procedimiento;192;174
17/10/2018;Procedimiento;188;170
18/10/2018;Procedimiento;250;241
19/10/2018;Procedimiento;295;276
20/10/2018;Procedimiento;18;18
21/10/2018;Procedimiento;0;0
22/10/2018;Procedimiento;59;56
23/10/2018;Procedimiento;188;185
24/10/2018;Procedimiento;98;92
25/10/2018;Procedimiento;94;89
26/10/2018;Procedimiento;97;93
27/10/2018;Procedimiento;28;24
28/10/2018;Procedimiento;3;2
29/10/2018;Procedimiento;57;53
30/10/2018;Procedimiento;56;50
31/10/2018;Procedimiento;51;50
01/11/2018;Procedimiento;50;45
02/11/2018;Procedimiento;47;39
03/11/2018;Procedimiento;10;9
04/11/2018;Procedimiento;1;1
05/11/2018;Procedimiento;63;60
06/11/2018;Procedimiento;94;82
07/11/2018;Procedimiento;83;75
08/11/2018;Procedimiento;57;52
09/11/2018;Procedimiento;64;57
10/11/2018;Procedimiento;16;16
11/11/2018;Procedimiento;4;4
12/11/2018;Procedimiento;76;70
13/11/2018;Procedimiento;58;54
14/11/2018;Procedimiento;69;64
15/11/2018;Procedimiento;57;56
16/11/2018;Procedimiento;85;82
17/11/2018;Procedimiento;22;22
18/11/2018;Procedimiento;7;7
19/11/2018;Procedimiento;70;67
20/11/2018;Procedimiento;66;62
21/11/2018;Procedimiento;53;46
22/11/2018;Procedimiento;73;68
23/11/2018;Procedimiento;60;56
24/11/2018;Procedimiento;13;12
25/11/2018;Procedimiento;2;2
26/11/2018;Procedimiento;61;54
27/11/2018;Procedimiento;53;45
22/10/2018;Rebate de Objeciones;11;4
23/10/2018;Rebate de Objeciones;15;5
24/10/2018;Rebate de Objeciones;5;1
26/10/2018;Rebate de Objeciones;3;0
29/10/2018;Rebate de Objeciones;4;3
02/11/2018;Rebate de Objeciones;1;1
03/11/2018;Rebate de Objeciones;2;0
06/11/2018;Rebate de Objeciones;7;4
07/11/2018;Rebate de Objeciones;6;0
08/11/2018;Rebate de Objeciones;15;6
09/11/2018;Rebate de Objeciones;3;1
12/11/2018;Rebate de Objeciones;13;9
13/11/2018;Rebate de Objeciones;9;5
14/11/2018;Rebate de Objeciones;4;2
15/11/2018;Rebate de Objeciones;7;2
16/11/2018;Rebate de Objeciones;3;0
21/11/2018;Rebate de Objeciones;2;0
23/11/2018;Rebate de Objeciones;6;2
24/11/2018;Rebate de Objeciones;5;1
26/11/2018;Rebate de Objeciones;4;1
27/11/2018;Rebate de Objeciones;1;1
22/10/2018;Registro;4;2
23/10/2018;Registro;5;4
24/10/2018;Registro;3;3
25/10/2018;Registro;5;4
26/10/2018;Registro;6;5
27/10/2018;Registro;32;31
28/10/2018;Registro;4;4
29/10/2018;Registro;21;16
30/10/2018;Registro;2;0
31/10/2018;Registro;5;3
01/11/2018;Registro;17;17
02/11/2018;Registro;6;6
03/11/2018;Registro;17;16
04/11/2018;Registro;21;18
05/11/2018;Registro;40;35
06/11/2018;Registro;6;4
07/11/2018;Registro;5;1
08/11/2018;Registro;8;8
09/11/2018;Registro;67;61
10/11/2018;Registro;7;7
11/11/2018;Registro;3;3
12/11/2018;Registro;33;31
13/11/2018;Registro;9;9
14/11/2018;Registro;1;1
15/11/2018;Registro;7;7
16/11/2018;Registro;8;8
17/11/2018;Registro;2;2
18/11/2018;Registro;1;1
19/11/2018;Registro;4;1
20/11/2018;Registro;3;2
22/11/2018;Registro;10;7
23/11/2018;Registro;2;1
24/11/2018;Registro;5;3
25/11/2018;Registro;10;10
26/11/2018;Registro;5;5
27/11/2018;Registro;6;6
24/09/2018;Reingreso;25;10
25/09/2018;Reingreso;2;2
26/09/2018;Reingreso;10;6
27/09/2018;Reingreso;6;3
28/09/2018;Reingreso;8;7
01/10/2018;Reingreso;98;78
02/10/2018;Reingreso;129;101
03/10/2018;Reingreso;177;129
04/10/2018;Reingreso;261;196
05/10/2018;Reingreso;422;351
06/10/2018;Reingreso;17;10
07/10/2018;Reingreso;11;7
08/10/2018;Reingreso;170;132
09/10/2018;Reingreso;264;199
10/10/2018;Reingreso;249;215
11/10/2018;Reingreso;425;330
12/10/2018;Reingreso;418;348
13/10/2018;Reingreso;13;9
14/10/2018;Reingreso;6;5
15/10/2018;Reingreso;6;1
16/10/2018;Reingreso;345;301
17/10/2018;Reingreso;322;274
18/10/2018;Reingreso;376;332
19/10/2018;Reingreso;352;295
20/10/2018;Reingreso;18;11
21/10/2018;Reingreso;2;1
22/10/2018;Reingreso;100;84
23/10/2018;Reingreso;262;227
24/10/2018;Reingreso;187;143
25/10/2018;Reingreso;168;138
26/10/2018;Reingreso;181;145
27/10/2018;Reingreso;65;56
28/10/2018;Reingreso;29;27
29/10/2018;Reingreso;136;101
30/10/2018;Reingreso;109;89
31/10/2018;Reingreso;105;93
01/11/2018;Reingreso;111;88
02/11/2018;Reingreso;113;93
03/11/2018;Reingreso;47;24
04/11/2018;Reingreso;32;20
05/11/2018;Reingreso;165;126
06/11/2018;Reingreso;166;136
07/11/2018;Reingreso;206;169
08/11/2018;Reingreso;117;106
09/11/2018;Reingreso;231;187
10/11/2018;Reingreso;47;37
11/11/2018;Reingreso;7;2
12/11/2018;Reingreso;234;178
13/11/2018;Reingreso;260;191
14/11/2018;Reingreso;274;242
15/11/2018;Reingreso;197;173
16/11/2018;Reingreso;152;130
17/11/2018;Reingreso;36;29
18/11/2018;Reingreso;25;20
19/11/2018;Reingreso;84;62
20/11/2018;Reingreso;129;98
21/11/2018;Reingreso;113;93
22/11/2018;Reingreso;112;91
23/11/2018;Reingreso;99;74
24/11/2018;Reingreso;21;10
25/11/2018;Reingreso;15;10
26/11/2018;Reingreso;158;133
27/11/2018;Reingreso;120;97
24/09/2018;Resolucion;5;4
26/09/2018;Resolucion;2;2
28/09/2018;Resolucion;0;0
01/10/2018;Resolucion;6;5
02/10/2018;Resolucion;8;7
03/10/2018;Resolucion;27;24
04/10/2018;Resolucion;39;35
05/10/2018;Resolucion;21;19
07/10/2018;Resolucion;3;3
08/10/2018;Resolucion;15;14
09/10/2018;Resolucion;20;18
10/10/2018;Resolucion;17;17
11/10/2018;Resolucion;8;7
12/10/2018;Resolucion;131;122
16/10/2018;Resolucion;122;107
17/10/2018;Resolucion;79;70
18/10/2018;Resolucion;22;21
19/10/2018;Resolucion;5;5
22/10/2018;Resolucion;13;11
23/10/2018;Resolucion;24;24
24/10/2018;Resolucion;23;21
25/10/2018;Resolucion;9;9
26/10/2018;Resolucion;11;11
27/10/2018;Resolucion;5;5
29/10/2018;Resolucion;1;1
30/10/2018;Resolucion;7;7
01/11/2018;Resolucion;10;10
02/11/2018;Resolucion;6;6
03/11/2018;Resolucion;2;2
05/11/2018;Resolucion;7;7
06/11/2018;Resolucion;9;8
07/11/2018;Resolucion;15;12
08/11/2018;Resolucion;11;11
09/11/2018;Resolucion;13;12
11/11/2018;Resolucion;7;5
12/11/2018;Resolucion;21;20
13/11/2018;Resolucion;6;6
14/11/2018;Resolucion;9;9
15/11/2018;Resolucion;14;14
16/11/2018;Resolucion;19;19
17/11/2018;Resolucion;3;3
18/11/2018;Resolucion;4;3
20/11/2018;Resolucion;10;10
21/11/2018;Resolucion;8;7
22/11/2018;Resolucion;25;25
23/11/2018;Resolucion;18;18
26/11/2018;Resolucion;13;13
27/11/2018;Resolucion;19;15
24/09/2018;Respeto;25;21
25/09/2018;Respeto;2;2
26/09/2018;Respeto;10;4
27/09/2018;Respeto;8;5
28/09/2018;Respeto;8;6
01/10/2018;Respeto;103;99
02/10/2018;Respeto;130;129
03/10/2018;Respeto;178;176
04/10/2018;Respeto;261;261
05/10/2018;Respeto;426;424
06/10/2018;Respeto;17;16
07/10/2018;Respeto;11;11
08/10/2018;Respeto;170;167
09/10/2018;Respeto;265;262
10/10/2018;Respeto;249;249
11/10/2018;Respeto;432;429
12/10/2018;Respeto;438;436
13/10/2018;Respeto;13;13
14/10/2018;Respeto;6;6
15/10/2018;Respeto;6;6
16/10/2018;Respeto;345;343
17/10/2018;Respeto;322;321
18/10/2018;Respeto;376;373
19/10/2018;Respeto;354;353
20/10/2018;Respeto;18;18
21/10/2018;Respeto;2;2
22/10/2018;Respeto;112;109
23/10/2018;Respeto;290;288
24/10/2018;Respeto;191;188
25/10/2018;Respeto;170;170
26/10/2018;Respeto;191;189
27/10/2018;Respeto;65;65
28/10/2018;Respeto;29;29
29/10/2018;Respeto;144;139
30/10/2018;Respeto;110;107
31/10/2018;Respeto;108;108
01/11/2018;Respeto;112;111
02/11/2018;Respeto;118;117
03/11/2018;Respeto;49;46
04/11/2018;Respeto;35;35
05/11/2018;Respeto;173;173
06/11/2018;Respeto;177;175
07/11/2018;Respeto;222;222
08/11/2018;Respeto;139;137
09/11/2018;Respeto;235;230
10/11/2018;Respeto;47;47
11/11/2018;Respeto;7;7
12/11/2018;Respeto;253;249
13/11/2018;Respeto;276;272
14/11/2018;Respeto;286;285
15/11/2018;Respeto;207;203
16/11/2018;Respeto;159;159
17/11/2018;Respeto;36;36
18/11/2018;Respeto;27;27
19/11/2018;Respeto;86;86
20/11/2018;Respeto;129;126
21/11/2018;Respeto;116;116
22/11/2018;Respeto;112;112
23/11/2018;Respeto;107;106
24/11/2018;Respeto;29;29
25/11/2018;Respeto;15;15
26/11/2018;Respeto;170;168
27/11/2018;Respeto;122;121
24/09/2018;Saludo;25;21
25/09/2018;Saludo;2;2
26/09/2018;Saludo;10;7
27/09/2018;Saludo;8;6
28/09/2018;Saludo;7;5
01/10/2018;Saludo;103;94
02/10/2018;Saludo;129;102
03/10/2018;Saludo;174;159
04/10/2018;Saludo;256;233
05/10/2018;Saludo;425;343
06/10/2018;Saludo;17;16
07/10/2018;Saludo;11;9
08/10/2018;Saludo;170;151
09/10/2018;Saludo;264;225
10/10/2018;Saludo;245;220
11/10/2018;Saludo;432;379
12/10/2018;Saludo;432;372
13/10/2018;Saludo;13;9
14/10/2018;Saludo;6;5
15/10/2018;Saludo;6;6
16/10/2018;Saludo;338;296
17/10/2018;Saludo;320;290
18/10/2018;Saludo;375;337
19/10/2018;Saludo;354;330
20/10/2018;Saludo;18;16
21/10/2018;Saludo;2;2
22/10/2018;Saludo;110;103
23/10/2018;Saludo;295;271
24/10/2018;Saludo;192;164
25/10/2018;Saludo;169;146
26/10/2018;Saludo;189;175
27/10/2018;Saludo;65;58
28/10/2018;Saludo;29;25
29/10/2018;Saludo;144;128
30/10/2018;Saludo;110;93
31/10/2018;Saludo;108;95
01/11/2018;Saludo;112;98
02/11/2018;Saludo;117;102
03/11/2018;Saludo;48;44
04/11/2018;Saludo;34;30
05/11/2018;Saludo;173;161
06/11/2018;Saludo;177;154
07/11/2018;Saludo;222;184
08/11/2018;Saludo;139;116
09/11/2018;Saludo;233;207
10/11/2018;Saludo;47;41
11/11/2018;Saludo;7;6
12/11/2018;Saludo;253;229
13/11/2018;Saludo;276;247
14/11/2018;Saludo;286;266
15/11/2018;Saludo;205;179
16/11/2018;Saludo;158;138
17/11/2018;Saludo;36;33
18/11/2018;Saludo;28;27
19/11/2018;Saludo;86;80
20/11/2018;Saludo;128;107
21/11/2018;Saludo;116;102
22/11/2018;Saludo;109;95
23/11/2018;Saludo;107;97
24/11/2018;Saludo;29;21
25/11/2018;Saludo;15;12
26/11/2018;Saludo;169;152
27/11/2018;Saludo;121;103
24/09/2018;Segui;17;10
25/09/2018;Segui;1;1
26/09/2018;Segui;7;4
27/09/2018;Segui;3;1
28/09/2018;Segui;3;2
01/10/2018;Segui;14;12
02/10/2018;Segui;7;3
03/10/2018;Segui;16;11
04/10/2018;Segui;24;10
05/10/2018;Segui;16;9
06/10/2018;Segui;3;1
07/10/2018;Segui;0;0
08/10/2018;Segui;28;7
09/10/2018;Segui;42;16
10/10/2018;Segui;12;8
11/10/2018;Segui;40;20
12/10/2018;Segui;25;21
13/10/2018;Segui;4;3
14/10/2018;Segui;0;0
15/10/2018;Segui;0;0
16/10/2018;Segui;22;17
17/10/2018;Segui;22;15
18/10/2018;Segui;25;22
19/10/2018;Segui;34;24
20/10/2018;Segui;1;0
21/10/2018;Segui;0;0
22/10/2018;Segui;20;9
23/10/2018;Segui;76;14
24/10/2018;Segui;20;18
25/10/2018;Segui;3;3
26/10/2018;Segui;8;8
27/10/2018;Segui;2;2
28/10/2018;Segui;0;0
29/10/2018;Segui;10;8
30/10/2018;Segui;13;9
31/10/2018;Segui;15;11
01/11/2018;Segui;7;4
02/11/2018;Segui;7;5
05/11/2018;Segui;6;5
06/11/2018;Segui;12;7
07/11/2018;Segui;6;4
08/11/2018;Segui;13;13
09/11/2018;Segui;5;4
10/11/2018;Segui;1;1
11/11/2018;Segui;1;0
12/11/2018;Segui;8;6
13/11/2018;Segui;7;7
14/11/2018;Segui;9;6
15/11/2018;Segui;3;2
16/11/2018;Segui;11;11
17/11/2018;Segui;1;0
18/11/2018;Segui;1;0
19/11/2018;Segui;8;5
20/11/2018;Segui;15;12
21/11/2018;Segui;9;8
22/11/2018;Segui;5;2
23/11/2018;Segui;4;2
26/11/2018;Segui;9;5
27/11/2018;Segui;7;7
22/10/2018;Seguimiento de Clientes;10;10
23/10/2018;Seguimiento de Clientes;8;7
24/10/2018;Seguimiento de Clientes;1;1
24/09/2018;Servicio personalizado;25;20
25/09/2018;Servicio personalizado;2;2
26/09/2018;Servicio personalizado;10;4
27/09/2018;Servicio personalizado;8;6
28/09/2018;Servicio personalizado;8;5
01/10/2018;Servicio personalizado;103;95
02/10/2018;Servicio personalizado;130;116
03/10/2018;Servicio personalizado;178;160
04/10/2018;Servicio personalizado;259;228
05/10/2018;Servicio personalizado;426;361
06/10/2018;Servicio personalizado;17;14
07/10/2018;Servicio personalizado;11;10
08/10/2018;Servicio personalizado;170;145
09/10/2018;Servicio personalizado;265;215
10/10/2018;Servicio personalizado;244;222
11/10/2018;Servicio personalizado;431;370
12/10/2018;Servicio personalizado;438;382
13/10/2018;Servicio personalizado;13;8
14/10/2018;Servicio personalizado;6;6
15/10/2018;Servicio personalizado;6;6
16/10/2018;Servicio personalizado;345;296
17/10/2018;Servicio personalizado;322;278
18/10/2018;Servicio personalizado;376;349
19/10/2018;Servicio personalizado;353;337
20/10/2018;Servicio personalizado;18;18
21/10/2018;Servicio personalizado;2;2
22/10/2018;Servicio personalizado;111;100
23/10/2018;Servicio personalizado;295;272
24/10/2018;Servicio personalizado;193;153
25/10/2018;Servicio personalizado;170;142
26/10/2018;Servicio personalizado;191;143
27/10/2018;Servicio personalizado;65;56
28/10/2018;Servicio personalizado;29;20
29/10/2018;Servicio personalizado;143;114
30/10/2018;Servicio personalizado;109;82
31/10/2018;Servicio personalizado;108;85
01/11/2018;Servicio personalizado;111;88
02/11/2018;Servicio personalizado;117;92
03/11/2018;Servicio personalizado;49;34
04/11/2018;Servicio personalizado;35;23
05/11/2018;Servicio personalizado;172;140
06/11/2018;Servicio personalizado;176;148
07/11/2018;Servicio personalizado;222;167
08/11/2018;Servicio personalizado;139;100
09/11/2018;Servicio personalizado;233;182
10/11/2018;Servicio personalizado;47;39
11/11/2018;Servicio personalizado;7;4
12/11/2018;Servicio personalizado;252;206
13/11/2018;Servicio personalizado;275;219
14/11/2018;Servicio personalizado;286;249
15/11/2018;Servicio personalizado;207;174
16/11/2018;Servicio personalizado;159;139
17/11/2018;Servicio personalizado;36;30
18/11/2018;Servicio personalizado;27;15
19/11/2018;Servicio personalizado;86;74
20/11/2018;Servicio personalizado;129;115
21/11/2018;Servicio personalizado;116;108
22/11/2018;Servicio personalizado;112;88
23/11/2018;Servicio personalizado;107;87
24/11/2018;Servicio personalizado;29;19
25/11/2018;Servicio personalizado;14;8
26/11/2018;Servicio personalizado;166;125
27/11/2018;Servicio personalizado;122;96
24/09/2018;Simplicidad;3;0
26/09/2018;Simplicidad;1;0
28/09/2018;Simplicidad;0;0
01/10/2018;Simplicidad;6;6
02/10/2018;Simplicidad;7;6
03/10/2018;Simplicidad;16;12
04/10/2018;Simplicidad;29;26
05/10/2018;Simplicidad;14;11
07/10/2018;Simplicidad;1;1
08/10/2018;Simplicidad;5;5
09/10/2018;Simplicidad;6;4
10/10/2018;Simplicidad;8;7
11/10/2018;Simplicidad;1;1
12/10/2018;Simplicidad;90;79
16/10/2018;Simplicidad;69;67
17/10/2018;Simplicidad;57;55
18/10/2018;Simplicidad;10;9
19/10/2018;Simplicidad;2;2
22/10/2018;Simplicidad;16;13
23/10/2018;Simplicidad;36;33
24/10/2018;Simplicidad;45;41
25/10/2018;Simplicidad;46;44
26/10/2018;Simplicidad;63;59
27/10/2018;Simplicidad;38;36
28/10/2018;Simplicidad;26;26
29/10/2018;Simplicidad;45;37
30/10/2018;Simplicidad;22;17
31/10/2018;Simplicidad;38;36
01/11/2018;Simplicidad;32;27
02/11/2018;Simplicidad;46;42
03/11/2018;Simplicidad;38;26
04/11/2018;Simplicidad;31;23
05/11/2018;Simplicidad;70;64
06/11/2018;Simplicidad;14;12
07/11/2018;Simplicidad;73;61
08/11/2018;Simplicidad;33;30
09/11/2018;Simplicidad;125;115
10/11/2018;Simplicidad;27;26
11/11/2018;Simplicidad;4;3
12/11/2018;Simplicidad;112;82
13/11/2018;Simplicidad;154;140
14/11/2018;Simplicidad;157;141
15/11/2018;Simplicidad;57;50
16/11/2018;Simplicidad;26;26
17/11/2018;Simplicidad;12;12
18/11/2018;Simplicidad;23;23
19/11/2018;Simplicidad;14;12
20/11/2018;Simplicidad;5;3
21/11/2018;Simplicidad;7;5
22/11/2018;Simplicidad;22;18
23/11/2018;Simplicidad;12;11
24/11/2018;Simplicidad;8;4
25/11/2018;Simplicidad;10;10
26/11/2018;Simplicidad;51;49
27/11/2018;Simplicidad;40;38
24/09/2018;Simplicidad;25;22
25/09/2018;Simplicidad;2;2
26/09/2018;Simplicidad;10;5
27/09/2018;Simplicidad;8;4
28/09/2018;Simplicidad;8;5
01/10/2018;Simplicidad;103;99
02/10/2018;Simplicidad;130;123
03/10/2018;Simplicidad;178;172
04/10/2018;Simplicidad;261;249
05/10/2018;Simplicidad;426;401
06/10/2018;Simplicidad;17;14
07/10/2018;Simplicidad;11;11
08/10/2018;Simplicidad;170;158
09/10/2018;Simplicidad;265;251
10/10/2018;Simplicidad;249;241
11/10/2018;Simplicidad;432;406
12/10/2018;Simplicidad;438;421
13/10/2018;Simplicidad;13;13
14/10/2018;Simplicidad;6;6
15/10/2018;Simplicidad;6;6
16/10/2018;Simplicidad;345;326
17/10/2018;Simplicidad;322;287
18/10/2018;Simplicidad;376;355
19/10/2018;Simplicidad;354;344
20/10/2018;Simplicidad;18;18
21/10/2018;Simplicidad;2;2
22/10/2018;Simplicidad;88;85
23/10/2018;Simplicidad;242;236
24/10/2018;Simplicidad;151;143
25/10/2018;Simplicidad;126;117
26/10/2018;Simplicidad;128;112
27/10/2018;Simplicidad;28;27
28/10/2018;Simplicidad;3;3
29/10/2018;Simplicidad;91;87
30/10/2018;Simplicidad;92;86
31/10/2018;Simplicidad;70;69
01/11/2018;Simplicidad;81;75
02/11/2018;Simplicidad;72;69
03/11/2018;Simplicidad;10;9
04/11/2018;Simplicidad;4;3
05/11/2018;Simplicidad;102;96
06/11/2018;Simplicidad;153;148
07/11/2018;Simplicidad;143;132
08/11/2018;Simplicidad;89;82
09/11/2018;Simplicidad;107;97
10/11/2018;Simplicidad;20;17
11/11/2018;Simplicidad;4;3
12/11/2018;Simplicidad;125;118
13/11/2018;Simplicidad;106;99
14/11/2018;Simplicidad;119;114
15/11/2018;Simplicidad;144;136
16/11/2018;Simplicidad;129;123
17/11/2018;Simplicidad;24;23
18/11/2018;Simplicidad;7;7
19/11/2018;Simplicidad;71;69
20/11/2018;Simplicidad;126;121
21/11/2018;Simplicidad;106;102
22/11/2018;Simplicidad;101;95
23/11/2018;Simplicidad;93;83
24/11/2018;Simplicidad;13;13
25/11/2018;Simplicidad;5;5
26/11/2018;Simplicidad;109;100
27/11/2018;Simplicidad;86;80
24/09/2018;Solucion;22;11
25/09/2018;Solucion;2;1
26/09/2018;Solucion;9;4
27/09/2018;Solucion;5;2
28/09/2018;Solucion;6;4
01/10/2018;Solucion;60;54
02/10/2018;Solucion;85;69
03/10/2018;Solucion;146;97
04/10/2018;Solucion;201;133
05/10/2018;Solucion;128;90
06/10/2018;Solucion;17;12
07/10/2018;Solucion;11;8
08/10/2018;Solucion;126;105
09/10/2018;Solucion;228;191
10/10/2018;Solucion;101;83
11/10/2018;Solucion;187;137
12/10/2018;Solucion;186;164
13/10/2018;Solucion;13;8
14/10/2018;Solucion;6;6
15/10/2018;Solucion;6;6
16/10/2018;Solucion;173;153
17/10/2018;Solucion;145;121
18/10/2018;Solucion;233;199
19/10/2018;Solucion;274;237
20/10/2018;Solucion;18;11
21/10/2018;Solucion;2;2
22/10/2018;Solucion;62;52
23/10/2018;Solucion;203;169
24/10/2018;Solucion;117;93
25/10/2018;Solucion;136;124
26/10/2018;Solucion;153;126
27/10/2018;Solucion;61;51
28/10/2018;Solucion;29;28
29/10/2018;Solucion;99;70
30/10/2018;Solucion;66;55
31/10/2018;Solucion;78;71
01/11/2018;Solucion;81;64
02/11/2018;Solucion;82;67
03/11/2018;Solucion;47;28
04/11/2018;Solucion;35;20
05/11/2018;Solucion;128;107
06/11/2018;Solucion;106;82
07/11/2018;Solucion;142;123
08/11/2018;Solucion;74;63
09/11/2018;Solucion;179;151
10/11/2018;Solucion;46;38
11/11/2018;Solucion;5;2
12/11/2018;Solucion;170;130
13/11/2018;Solucion;199;139
14/11/2018;Solucion;222;184
15/11/2018;Solucion;108;88
16/11/2018;Solucion;105;87
17/11/2018;Solucion;36;25
18/11/2018;Solucion;24;23
19/11/2018;Solucion;77;49
20/11/2018;Solucion;57;47
21/11/2018;Solucion;52;46
22/11/2018;Solucion;80;64
23/11/2018;Solucion;65;46
24/11/2018;Solucion;21;15
25/11/2018;Solucion;15;12
26/11/2018;Solucion;98;88
27/11/2018;Solucion;79;66
24/09/2018;Solucion;3;2
01/10/2018;Solucion;22;19
02/10/2018;Solucion;38;32
03/10/2018;Solucion;22;20
04/10/2018;Solucion;39;38
05/10/2018;Solucion;265;242
08/10/2018;Solucion;34;33
09/10/2018;Solucion;25;24
10/10/2018;Solucion;124;114
11/10/2018;Solucion;173;162
12/10/2018;Solucion;185;166
16/10/2018;Solucion;130;121
17/10/2018;Solucion;127;115
18/10/2018;Solucion;123;113
19/10/2018;Solucion;51;50
22/10/2018;Solucion;27;27
23/10/2018;Solucion;43;43
24/10/2018;Solucion;55;51
25/10/2018;Solucion;26;24
26/10/2018;Solucion;25;25
29/10/2018;Solucion;31;28
30/10/2018;Solucion;34;33
31/10/2018;Solucion;16;15
01/11/2018;Solucion;25;25
02/11/2018;Solucion;24;23
05/11/2018;Solucion;31;27
06/11/2018;Solucion;54;53
07/11/2018;Solucion;48;44
08/11/2018;Solucion;27;26
09/11/2018;Solucion;37;37
12/11/2018;Solucion;45;45
13/11/2018;Solucion;49;48
14/11/2018;Solucion;41;40
15/11/2018;Solucion;79;74
16/11/2018;Solucion;35;34
20/11/2018;Solucion;58;54
21/11/2018;Solucion;56;53
22/11/2018;Solucion;22;22
23/11/2018;Solucion;25;23
26/11/2018;Solucion;36;33
27/11/2018;Solucion;26;26
24/09/2018;Transacion;22;16
25/09/2018;Transacion;2;1
26/09/2018;Transacion;9;4
27/09/2018;Transacion;7;5
28/09/2018;Transacion;7;4
01/10/2018;Transacion;53;52
02/10/2018;Transacion;73;71
03/10/2018;Transacion;87;77
04/10/2018;Transacion;102;95
05/10/2018;Transacion;175;169
06/10/2018;Transacion;4;4
07/10/2018;Transacion;8;6
08/10/2018;Transacion;60;59
09/10/2018;Transacion;120;115
10/10/2018;Transacion;129;126
11/10/2018;Transacion;186;166
12/10/2018;Transacion;237;228
13/10/2018;Transacion;6;6
14/10/2018;Transacion;2;2
15/10/2018;Transacion;0;0
16/10/2018;Transacion;163;159
17/10/2018;Transacion;148;139
18/10/2018;Transacion;208;201
19/10/2018;Transacion;211;202
20/10/2018;Transacion;5;5
21/10/2018;Transacion;1;1
22/10/2018;Transacion;54;53
23/10/2018;Transacion;124;111
24/10/2018;Transacion;97;92
25/10/2018;Transacion;122;115
26/10/2018;Transacion;127;118
27/10/2018;Transacion;39;36
28/10/2018;Transacion;26;22
29/10/2018;Transacion;91;78
30/10/2018;Transacion;61;53
31/10/2018;Transacion;74;69
01/11/2018;Transacion;70;60
02/11/2018;Transacion;65;56
03/11/2018;Transacion;42;28
04/11/2018;Transacion;31;19
05/11/2018;Transacion;113;95
06/11/2018;Transacion;81;76
07/11/2018;Transacion;120;107
08/11/2018;Transacion;68;67
09/11/2018;Transacion;176;151
10/11/2018;Transacion;34;32
11/11/2018;Transacion;3;2
12/11/2018;Transacion;179;144
13/11/2018;Transacion;201;174
14/11/2018;Transacion;202;181
15/11/2018;Transacion;126;116
16/11/2018;Transacion;92;90
17/11/2018;Transacion;19;18
18/11/2018;Transacion;22;22
19/11/2018;Transacion;30;28
20/11/2018;Transacion;62;55
21/11/2018;Transacion;65;60
22/11/2018;Transacion;56;51
23/11/2018;Transacion;38;32
24/11/2018;Transacion;13;10
25/11/2018;Transacion;10;9
26/11/2018;Transacion;93;86
27/11/2018;Transacion;62;61
24/09/2018;Validacion Datos;20;17
25/09/2018;Validacion Datos;1;1
26/09/2018;Validacion Datos;9;4
27/09/2018;Validacion Datos;5;4
28/09/2018;Validacion Datos;5;2
01/10/2018;Validacion Datos;37;35
02/10/2018;Validacion Datos;63;55
03/10/2018;Validacion Datos;73;63
04/10/2018;Validacion Datos;106;95
05/10/2018;Validacion Datos;162;152
06/10/2018;Validacion Datos;6;6
07/10/2018;Validacion Datos;0;0
08/10/2018;Validacion Datos;52;50
09/10/2018;Validacion Datos;67;56
10/10/2018;Validacion Datos;102;97
11/10/2018;Validacion Datos;171;155
12/10/2018;Validacion Datos;166;157
13/10/2018;Validacion Datos;4;4
14/10/2018;Validacion Datos;3;3
15/10/2018;Validacion Datos;0;0
16/10/2018;Validacion Datos;137;130
17/10/2018;Validacion Datos;120;108
18/10/2018;Validacion Datos;168;159
19/10/2018;Validacion Datos;216;215
20/10/2018;Validacion Datos;5;3
21/10/2018;Validacion Datos;0;0
22/10/2018;Validacion Datos;58;53
23/10/2018;Validacion Datos;129;121
24/10/2018;Validacion Datos;100;94
25/10/2018;Validacion Datos;92;85
26/10/2018;Validacion Datos;102;86
27/10/2018;Validacion Datos;41;38
28/10/2018;Validacion Datos;25;23
29/10/2018;Validacion Datos;85;73
30/10/2018;Validacion Datos;54;52
31/10/2018;Validacion Datos;74;68
01/11/2018;Validacion Datos;61;57
02/11/2018;Validacion Datos;59;52
03/11/2018;Validacion Datos;38;35
04/11/2018;Validacion Datos;32;29
05/11/2018;Validacion Datos;113;106
06/11/2018;Validacion Datos;68;64
07/11/2018;Validacion Datos;119;111
08/11/2018;Validacion Datos;64;62
09/11/2018;Validacion Datos;163;146
10/11/2018;Validacion Datos;33;32
11/11/2018;Validacion Datos;2;2
12/11/2018;Validacion Datos;161;154
13/11/2018;Validacion Datos;201;177
14/11/2018;Validacion Datos;196;190
15/11/2018;Validacion Datos;115;111
16/11/2018;Validacion Datos;87;77
17/11/2018;Validacion Datos;23;19
18/11/2018;Validacion Datos;23;22
19/11/2018;Validacion Datos;31;29
20/11/2018;Validacion Datos;56;52
21/11/2018;Validacion Datos;47;46
22/11/2018;Validacion Datos;56;53
23/11/2018;Validacion Datos;36;31
24/11/2018;Validacion Datos;9;9
25/11/2018;Validacion Datos;13;13
26/11/2018;Validacion Datos;92;79
27/11/2018;Validacion Datos;62;51
24/09/2018;SD;1;1
01/10/2018;SD;0;0
03/10/2018;SD;0;0
04/10/2018;SD;0;0
05/10/2018;SD;0;0
06/10/2018;SD;0;0
08/10/2018;SD;0;0
09/10/2018;SD;0;0
10/10/2018;SD;5;5
11/10/2018;SD;1;1
12/10/2018;SD;0;0
15/10/2018;SD;0;0
16/10/2018;SD;0;0
17/10/2018;SD;0;0
18/10/2018;SD;0;0
19/10/2018;SD;1;1
20/10/2018;SD;0;0
22/10/2018;SD;0;0
23/10/2018;SD;1;1
24/10/2018;SD;0;0
25/10/2018;SD;0;0
26/10/2018;SD;0;0
30/10/2018;SD;0;0
22/10/2018;Compromiso;1;1
23/10/2018;Compromiso;8;5
24/10/2018;Compromiso;3;1
26/10/2018;Compromiso;4;1
29/10/2018;Compromiso;6;4
01/11/2018;Compromiso;1;1
02/11/2018;Compromiso;2;2
05/11/2018;Compromiso;2;2
06/11/2018;Compromiso;6;3
07/11/2018;Compromiso;11;1
08/11/2018;Compromiso;16;6
09/11/2018;Compromiso;2;1
12/11/2018;Compromiso;10;8
13/11/2018;Compromiso;8;2
14/11/2018;Compromiso;7;4
15/11/2018;Compromiso;7;4
16/11/2018;Compromiso;5;2
21/11/2018;Compromiso;3;0
23/11/2018;Compromiso;8;4
26/11/2018;Compromiso;5;5
27/11/2018;Compromiso;2;2
