Location,Series,Court,Surface,Round,Total
Adelaide,International,Outdoor,Hard,1st Round,128
Adelaide,International,Outdoor,Hard,2nd Round,64
Adelaide,International,Outdoor,Hard,Quarterfinals,36
Adelaide,International,Outdoor,Hard,Round Robin,24
Adelaide,International,Outdoor,Hard,Semifinals,18
Adelaide,International,Outdoor,Hard,The Final,9
Amersfoort,International,Outdoor,Clay,1st Round,108
Amersfoort,International,Outdoor,Clay,2nd Round,56
Amersfoort,International,Outdoor,Clay,Quarterfinals,28
Amersfoort,International,Outdoor,Clay,Semifinals,14
Amersfoort,International,Outdoor,Clay,The Final,7
Amsterdam,International,Outdoor,Clay,1st Round,32
Amsterdam,International,Outdoor,Clay,2nd Round,16
Amsterdam,International,Outdoor,Clay,Quarterfinals,8
Amsterdam,International,Outdoor,Clay,Semifinals,4
Amsterdam,International,Outdoor,Clay,The Final,2
Atlanta,ATP250,Outdoor,Hard,1st Round,84
Atlanta,ATP250,Outdoor,Hard,2nd Round,56
Atlanta,ATP250,Outdoor,Hard,Quarterfinals,28
Atlanta,ATP250,Outdoor,Hard,Semifinals,14
Atlanta,ATP250,Outdoor,Hard,The Final,7
Atlanta,International,Outdoor,Clay,1st Round,32
Atlanta,International,Outdoor,Clay,2nd Round,16
Atlanta,International,Outdoor,Clay,Quarterfinals,8
Atlanta,International,Outdoor,Clay,Semifinals,4
Atlanta,International,Outdoor,Clay,The Final,2
Auckland,ATP250,Outdoor,Hard,1st Round,96
Auckland,ATP250,Outdoor,Hard,2nd Round,64
Auckland,ATP250,Outdoor,Hard,Quarterfinals,32
Auckland,ATP250,Outdoor,Hard,Semifinals,16
Auckland,ATP250,Outdoor,Hard,The Final,8
Auckland,International,Outdoor,Hard,1st Round,144
Auckland,International,Outdoor,Hard,2nd Round,72
Auckland,International,Outdoor,Hard,Quarterfinals,36
Auckland,International,Outdoor,Hard,Semifinals,18
Auckland,International,Outdoor,Hard,The Final,9
Bangkok,ATP250,Indoor,Hard,1st Round,60
Bangkok,ATP250,Indoor,Hard,2nd Round,40
Bangkok,ATP250,Indoor,Hard,Quarterfinals,20
Bangkok,ATP250,Indoor,Hard,Semifinals,10
Bangkok,ATP250,Indoor,Hard,The Final,5
Bangkok,International,Indoor,Hard,1st Round,92
Bangkok,International,Indoor,Hard,2nd Round,48
Bangkok,International,Indoor,Hard,Quarterfinals,24
Bangkok,International,Indoor,Hard,Semifinals,12
Bangkok,International,Indoor,Hard,The Final,6
Barcelona,ATP500,Outdoor,Clay,1st Round,160
Barcelona,ATP500,Outdoor,Clay,2nd Round,128
Barcelona,ATP500,Outdoor,Clay,3rd Round,64
Barcelona,ATP500,Outdoor,Clay,Quarterfinals,32
Barcelona,ATP500,Outdoor,Clay,Semifinals,16
Barcelona,ATP500,Outdoor,Clay,The Final,8
Barcelona,International,Outdoor,Clay,1st Round,24
Barcelona,International,Outdoor,Clay,2nd Round,16
Barcelona,International,Outdoor,Clay,3rd Round,8
Barcelona,International,Outdoor,Clay,Quarterfinals,4
Barcelona,International,Outdoor,Clay,Semifinals,2
Barcelona,International,Outdoor,Clay,The Final,1
Barcelona,International Gold,Outdoor,Clay,1st Round,192
Barcelona,International Gold,Outdoor,Clay,2nd Round,128
Barcelona,International Gold,Outdoor,Clay,3rd Round,64
Barcelona,International Gold,Outdoor,Clay,Quarterfinals,32
Barcelona,International Gold,Outdoor,Clay,Semifinals,16
Barcelona,International Gold,Outdoor,Clay,The Final,8
Basel,ATP500,Indoor,Hard,1st Round,112
Basel,ATP500,Indoor,Hard,2nd Round,56
Basel,ATP500,Indoor,Hard,Quarterfinals,28
Basel,ATP500,Indoor,Hard,Semifinals,14
Basel,ATP500,Indoor,Hard,The Final,7
Basel,International,Indoor,Carpet,1st Round,144
Basel,International,Indoor,Carpet,2nd Round,72
Basel,International,Indoor,Carpet,Quarterfinals,36
Basel,International,Indoor,Carpet,Semifinals,18
Basel,International,Indoor,Carpet,The Final,9
Bastad,ATP250,Outdoor,Clay,1st Round,96
Bastad,ATP250,Outdoor,Clay,2nd Round,64
Bastad,ATP250,Outdoor,Clay,Quarterfinals,32
Bastad,ATP250,Outdoor,Clay,Semifinals,16
Bastad,ATP250,Outdoor,Clay,The Final,8
Bastad,International,Outdoor,Clay,1st Round,140
Bastad,International,Outdoor,Clay,2nd Round,72
Bastad,International,Outdoor,Clay,Quarterfinals,36
Bastad,International,Outdoor,Clay,Semifinals,18
Bastad,International,Outdoor,Clay,The Final,9
Beijing,ATP500,Outdoor,Hard,1st Round,112
Beijing,ATP500,Outdoor,Hard,2nd Round,56
Beijing,ATP500,Outdoor,Hard,Quarterfinals,28
Beijing,ATP500,Outdoor,Hard,Semifinals,14
Beijing,ATP500,Outdoor,Hard,The Final,7
Beijing,International,Outdoor,Hard,1st Round,76
Beijing,International,Outdoor,Hard,2nd Round,40
Beijing,International,Outdoor,Hard,Quarterfinals,20
Beijing,International,Outdoor,Hard,Semifinals,10
Beijing,International,Outdoor,Hard,The Final,5
Belgrade,ATP250,Outdoor,Clay,1st Round,48
Belgrade,ATP250,Outdoor,Clay,2nd Round,32
Belgrade,ATP250,Outdoor,Clay,Quarterfinals,16
Belgrade,ATP250,Outdoor,Clay,Semifinals,8
Belgrade,ATP250,Outdoor,Clay,The Final,4
Bogota,ATP250,Outdoor,Clay,1st Round,36
Bogota,ATP250,Outdoor,Clay,2nd Round,24
Bogota,ATP250,Outdoor,Clay,Quarterfinals,12
Bogota,ATP250,Outdoor,Clay,Semifinals,6
Bogota,ATP250,Outdoor,Clay,The Final,3
Bogota,International,Outdoor,Clay,1st Round,32
Bogota,International,Outdoor,Clay,2nd Round,16
Bogota,International,Outdoor,Clay,Quarterfinals,8
Bogota,International,Outdoor,Clay,Semifinals,4
Bogota,International,Outdoor,Clay,The Final,2
Brighton,International,Indoor,Hard,1st Round,16
Brighton,International,Indoor,Hard,2nd Round,8
Brighton,International,Indoor,Hard,Quarterfinals,4
Brighton,International,Indoor,Hard,Semifinals,2
Brighton,International,Indoor,Hard,The Final,1
Brisbane,ATP250,Outdoor,Hard,1st Round,96
Brisbane,ATP250,Outdoor,Hard,2nd Round,56
Brisbane,ATP250,Outdoor,Hard,Quarterfinals,28
Brisbane,ATP250,Outdoor,Hard,Semifinals,14
Brisbane,ATP250,Outdoor,Hard,The Final,7
Brisbane,International,Outdoor,Hard,1st Round,16
Brisbane,International,Outdoor,Hard,2nd Round,8
Brisbane,International,Outdoor,Hard,Quarterfinals,4
Brisbane,International,Outdoor,Hard,Semifinals,2
Brisbane,International,Outdoor,Hard,The Final,1
Bucharest,ATP250,Outdoor,Clay,1st Round,100
Bucharest,ATP250,Outdoor,Clay,2nd Round,64
Bucharest,ATP250,Outdoor,Clay,Quarterfinals,32
Bucharest,ATP250,Outdoor,Clay,Semifinals,16
Bucharest,ATP250,Outdoor,Clay,The Final,8
Bucharest,International,Outdoor,Clay,1st Round,144
Bucharest,International,Outdoor,Clay,2nd Round,72
Bucharest,International,Outdoor,Clay,Quarterfinals,36
Bucharest,International,Outdoor,Clay,Semifinals,18
Bucharest,International,Outdoor,Clay,The Final,9
Buenos Aires,ATP250,Outdoor,Clay,1st Round,120
Buenos Aires,ATP250,Outdoor,Clay,2nd Round,64
Buenos Aires,ATP250,Outdoor,Clay,Quarterfinals,32
Buenos Aires,ATP250,Outdoor,Clay,Semifinals,16
Buenos Aires,ATP250,Outdoor,Clay,The Final,8
Buenos Aires,International,Outdoor,Clay,1st Round,112
Buenos Aires,International,Outdoor,Clay,2nd Round,56
Buenos Aires,International,Outdoor,Clay,Quarterfinals,32
Buenos Aires,International,Outdoor,Clay,Round Robin,24
Buenos Aires,International,Outdoor,Clay,Semifinals,16
Buenos Aires,International,Outdoor,Clay,The Final,8
Casablanca,ATP250,Outdoor,Clay,1st Round,88
Casablanca,ATP250,Outdoor,Clay,2nd Round,56
Casablanca,ATP250,Outdoor,Clay,Quarterfinals,28
Casablanca,ATP250,Outdoor,Clay,Semifinals,14
Casablanca,ATP250,Outdoor,Clay,The Final,7
Casablanca,International,Outdoor,Clay,1st Round,48
Casablanca,International,Outdoor,Clay,2nd Round,24
Casablanca,International,Outdoor,Clay,Quarterfinals,12
Casablanca,International,Outdoor,Clay,Semifinals,6
Casablanca,International,Outdoor,Clay,The Final,3
Casablanca,International Series,Outdoor,Clay,1st Round,96
Casablanca,International Series,Outdoor,Clay,2nd Round,48
Casablanca,International Series,Outdoor,Clay,Quarterfinals,24
Casablanca,International Series,Outdoor,Clay,Semifinals,12
Casablanca,International Series,Outdoor,Clay,The Final,6
Chennai,ATP250,Outdoor,Hard,1st Round,92
Chennai,ATP250,Outdoor,Hard,2nd Round,56
Chennai,ATP250,Outdoor,Hard,Quarterfinals,28
Chennai,ATP250,Outdoor,Hard,Semifinals,14
Chennai,ATP250,Outdoor,Hard,The Final,7
Chennai,International,Outdoor,Hard,1st Round,160
Chennai,International,Outdoor,Hard,2nd Round,80
Chennai,International,Outdoor,Hard,Quarterfinals,40
Chennai,International,Outdoor,Hard,Semifinals,20
Chennai,International,Outdoor,Hard,The Final,10
Cincinnati,Masters,Outdoor,Hard,1st Round,272
Cincinnati,Masters,Outdoor,Hard,2nd Round,144
Cincinnati,Masters,Outdoor,Hard,3rd Round,72
Cincinnati,Masters,Outdoor,Hard,Quarterfinals,36
Cincinnati,Masters,Outdoor,Hard,Semifinals,18
Cincinnati,Masters,Outdoor,Hard,The Final,9
Cincinnati,Masters 1000,Outdoor,Hard,1st Round,192
Cincinnati,Masters 1000,Outdoor,Hard,2nd Round,128
Cincinnati,Masters 1000,Outdoor,Hard,3rd Round,64
Cincinnati,Masters 1000,Outdoor,Hard,Quarterfinals,32
Cincinnati,Masters 1000,Outdoor,Hard,Semifinals,16
Cincinnati,Masters 1000,Outdoor,Hard,The Final,8
Copenhagen,International,Indoor,Hard,1st Round,64
Copenhagen,International,Indoor,Hard,2nd Round,32
Copenhagen,International,Indoor,Hard,Quarterfinals,16
Copenhagen,International,Indoor,Hard,Semifinals,8
Copenhagen,International,Indoor,Hard,The Final,4
Costa Do Sauipe,ATP250,Outdoor,Clay,1st Round,44
Costa Do Sauipe,ATP250,Outdoor,Clay,2nd Round,24
Costa Do Sauipe,ATP250,Outdoor,Clay,Quarterfinals,12
Costa Do Sauipe,ATP250,Outdoor,Clay,Semifinals,6
Costa Do Sauipe,ATP250,Outdoor,Clay,The Final,3
Costa Do Sauipe,International,Outdoor,Clay,1st Round,96
Costa Do Sauipe,International,Outdoor,Clay,2nd Round,48
Costa Do Sauipe,International,Outdoor,Clay,Quarterfinals,24
Costa Do Sauipe,International,Outdoor,Clay,Semifinals,12
Costa Do Sauipe,International,Outdoor,Clay,The Final,6
Delray Beach,ATP250,Outdoor,Hard,1st Round,128
Delray Beach,ATP250,Outdoor,Hard,2nd Round,64
Delray Beach,ATP250,Outdoor,Hard,Quarterfinals,32
Delray Beach,ATP250,Outdoor,Hard,Semifinals,16
Delray Beach,ATP250,Outdoor,Hard,The Final,8
Delray Beach,International,Outdoor,Hard,1st Round,128
Delray Beach,International,Outdoor,Hard,2nd Round,64
Delray Beach,International,Outdoor,Hard,Quarterfinals,36
Delray Beach,International,Outdoor,Hard,Round Robin,24
Delray Beach,International,Outdoor,Hard,Semifinals,18
Delray Beach,International,Outdoor,Hard,The Final,9
Doha,ATP250,Outdoor,Hard,1st Round,112
Doha,ATP250,Outdoor,Hard,2nd Round,56
Doha,ATP250,Outdoor,Hard,Quarterfinals,28
Doha,ATP250,Outdoor,Hard,Semifinals,14
Doha,ATP250,Outdoor,Hard,The Final,7
Doha,International,Outdoor,Hard,1st Round,160
Doha,International,Outdoor,Hard,2nd Round,80
Doha,International,Outdoor,Hard,Quarterfinals,40
Doha,International,Outdoor,Hard,Semifinals,20
Doha,International,Outdoor,Hard,The Final,10
Dubai,International,Outdoor,Hard,1st Round,16
Dubai,International,Outdoor,Hard,2nd Round,8
Dubai,International,Outdoor,Hard,Quarterfinals,4
Dubai,International,Outdoor,Hard,Semifinals,2
Dubai,International,Outdoor,Hard,The Final,1
Dubai,International Gold,Outdoor,Hard,1st Round,32
Dubai,International Gold,Outdoor,Hard,2nd Round,16
Dubai,International Gold,Outdoor,Hard,Quarterfinals,8
Dubai,International Gold,Outdoor,Hard,Semifinals,4
Dubai,International Gold,Outdoor,Hard,The Final,2
Dubai ,ATP500,Outdoor,Hard,1st Round,128
Dubai ,ATP500,Outdoor,Hard,2nd Round,64
Dubai ,ATP500,Outdoor,Hard,Quarterfinals,32
Dubai ,ATP500,Outdoor,Hard,Semifinals,16
Dubai ,ATP500,Outdoor,Hard,The Final,8
Dubai ,International Gold,Outdoor,Hard,1st Round,96
Dubai ,International Gold,Outdoor,Hard,2nd Round,48
Dubai ,International Gold,Outdoor,Hard,Quarterfinals,24
Dubai ,International Gold,Outdoor,Hard,Semifinals,12
Dubai ,International Gold,Outdoor,Hard,The Final,6
Dusseldorf,ATP250,Outdoor,Clay,1st Round,24
Dusseldorf,ATP250,Outdoor,Clay,2nd Round,16
Dusseldorf,ATP250,Outdoor,Clay,Quarterfinals,8
Dusseldorf,ATP250,Outdoor,Clay,Semifinals,4
Dusseldorf,ATP250,Outdoor,Clay,The Final,2
Eastbourne,ATP250,Outdoor,Grass,1st Round,84
Eastbourne,ATP250,Outdoor,Grass,2nd Round,48
Eastbourne,ATP250,Outdoor,Grass,Quarterfinals,24
Eastbourne,ATP250,Outdoor,Grass,Semifinals,12
Eastbourne,ATP250,Outdoor,Grass,The Final,6
Estoril,ATP250,Outdoor,Clay,1st Round,24
Estoril,ATP250,Outdoor,Clay,2nd Round,16
Estoril,ATP250,Outdoor,Clay,Quarterfinals,8
Estoril,ATP250,Outdoor,Clay,Semifinals,4
Estoril,ATP250,Outdoor,Clay,The Final,2
Estoril,International,Outdoor,Clay,1st Round,48
Estoril,International,Outdoor,Clay,2nd Round,24
Estoril,International,Outdoor,Clay,Quarterfinals,12
Estoril,International,Outdoor,Clay,Semifinals,6
Estoril,International,Outdoor,Clay,The Final,3
Estoril ,ATP250,Outdoor,Clay,1st Round,52
Estoril ,ATP250,Outdoor,Clay,2nd Round,32
Estoril ,ATP250,Outdoor,Clay,Quarterfinals,16
Estoril ,ATP250,Outdoor,Clay,Semifinals,8
Estoril ,ATP250,Outdoor,Clay,The Final,4
Estoril ,International Series,Outdoor,Clay,1st Round,96
Estoril ,International Series,Outdoor,Clay,2nd Round,48
Estoril ,International Series,Outdoor,Clay,Quarterfinals,24
Estoril ,International Series,Outdoor,Clay,Semifinals,12
Estoril ,International Series,Outdoor,Clay,The Final,6
Geneva,ATP250,Outdoor,Clay,1st Round,24
Geneva,ATP250,Outdoor,Clay,2nd Round,16
Geneva,ATP250,Outdoor,Clay,Quarterfinals,8
Geneva,ATP250,Outdoor,Clay,Semifinals,4
Geneva,ATP250,Outdoor,Clay,The Final,2
Gstaad,ATP250,Outdoor,Clay,1st Round,104
Gstaad,ATP250,Outdoor,Clay,2nd Round,64
Gstaad,ATP250,Outdoor,Clay,Quarterfinals,32
Gstaad,ATP250,Outdoor,Clay,Semifinals,16
Gstaad,ATP250,Outdoor,Clay,The Final,8
Gstaad,International,Outdoor,Clay,1st Round,140
Gstaad,International,Outdoor,Clay,2nd Round,72
Gstaad,International,Outdoor,Clay,Quarterfinals,36
Gstaad,International,Outdoor,Clay,Semifinals,18
Gstaad,International,Outdoor,Clay,The Final,9
Halle,ATP250,Outdoor,Grass,1st Round,84
Halle,ATP250,Outdoor,Grass,2nd Round,48
Halle,ATP250,Outdoor,Grass,Quarterfinals,24
Halle,ATP250,Outdoor,Grass,Semifinals,12
Halle,ATP250,Outdoor,Grass,The Final,6
Halle,ATP500,Outdoor,Grass,1st Round,32
Halle,ATP500,Outdoor,Grass,2nd Round,16
Halle,ATP500,Outdoor,Grass,Quarterfinals,8
Halle,ATP500,Outdoor,Grass,Semifinals,4
Halle,ATP500,Outdoor,Grass,The Final,2
Halle,International,Outdoor,Grass,1st Round,144
Halle,International,Outdoor,Grass,2nd Round,72
Halle,International,Outdoor,Grass,Quarterfinals,36
Halle,International,Outdoor,Grass,Semifinals,18
Halle,International,Outdoor,Grass,The Final,9
Hamburg,ATP500,Outdoor,Clay,1st Round,128
Hamburg,ATP500,Outdoor,Clay,2nd Round,104
Hamburg,ATP500,Outdoor,Clay,3rd Round,40
Hamburg,ATP500,Outdoor,Clay,Quarterfinals,32
Hamburg,ATP500,Outdoor,Clay,Semifinals,16
Hamburg,ATP500,Outdoor,Clay,The Final,8
Hamburg,Masters,Outdoor,Clay,1st Round,272
Hamburg,Masters,Outdoor,Clay,2nd Round,144
Hamburg,Masters,Outdoor,Clay,3rd Round,72
Hamburg,Masters,Outdoor,Clay,Quarterfinals,36
Hamburg,Masters,Outdoor,Clay,Semifinals,18
Hamburg,Masters,Outdoor,Clay,The Final,9
Ho Chi Min City,International,Indoor,Hard,1st Round,16
Ho Chi Min City,International,Indoor,Hard,2nd Round,8
Ho Chi Min City,International,Indoor,Hard,Quarterfinals,4
Ho Chi Min City,International,Indoor,Hard,Semifinals,2
Ho Chi Min City,International,Indoor,Hard,The Final,1
Hong Kong,International,Outdoor,Hard,1st Round,48
Hong Kong,International,Outdoor,Hard,2nd Round,24
Hong Kong,International,Outdoor,Hard,Quarterfinals,12
Hong Kong,International,Outdoor,Hard,Semifinals,6
Hong Kong,International,Outdoor,Hard,The Final,3
Houston,ATP250,Outdoor,Clay,1st Round,100
Houston,ATP250,Outdoor,Clay,2nd Round,64
Houston,ATP250,Outdoor,Clay,Quarterfinals,32
Houston,ATP250,Outdoor,Clay,Semifinals,16
Houston,ATP250,Outdoor,Clay,The Final,8
Houston,International,Outdoor,Clay,1st Round,128
Houston,International,Outdoor,Clay,2nd Round,64
Houston,International,Outdoor,Clay,Quarterfinals,32
Houston,International,Outdoor,Clay,Semifinals,16
Houston,International,Outdoor,Clay,The Final,8
Houston,Masters Cup,Outdoor,Hard,Round Robin,24
Houston,Masters Cup,Outdoor,Hard,Semifinals,4
Houston,Masters Cup,Outdoor,Hard,The Final,2
Indian Wells,Masters,Outdoor,Hard,1st Round,288
Indian Wells,Masters,Outdoor,Hard,2nd Round,224
Indian Wells,Masters,Outdoor,Hard,3rd Round,112
Indian Wells,Masters,Outdoor,Hard,4th Round,40
Indian Wells,Masters,Outdoor,Hard,Quarterfinals,36
Indian Wells,Masters,Outdoor,Hard,Semifinals,18
Indian Wells,Masters,Outdoor,Hard,The Final,9
Indian Wells,Masters 1000,Outdoor,Hard,1st Round,256
Indian Wells,Masters 1000,Outdoor,Hard,2nd Round,256
Indian Wells,Masters 1000,Outdoor,Hard,3rd Round,128
Indian Wells,Masters 1000,Outdoor,Hard,4th Round,64
Indian Wells,Masters 1000,Outdoor,Hard,Quarterfinals,32
Indian Wells,Masters 1000,Outdoor,Hard,Semifinals,16
Indian Wells,Masters 1000,Outdoor,Hard,The Final,8
Indianapolis,ATP250,Outdoor,Hard,1st Round,16
Indianapolis,ATP250,Outdoor,Hard,2nd Round,8
Indianapolis,ATP250,Outdoor,Hard,Quarterfinals,4
Indianapolis,ATP250,Outdoor,Hard,Semifinals,2
Indianapolis,ATP250,Outdoor,Hard,The Final,1
Indianapolis,International,Outdoor,Hard,1st Round,96
Indianapolis,International,Outdoor,Hard,2nd Round,80
Indianapolis,International,Outdoor,Hard,3rd Round,32
Indianapolis,International,Outdoor,Hard,Quarterfinals,24
Indianapolis,International,Outdoor,Hard,Semifinals,12
Indianapolis,International,Outdoor,Hard,The Final,6
Indianapolis,International Gold,Outdoor,Hard,1st Round,72
Indianapolis,International Gold,Outdoor,Hard,2nd Round,48
Indianapolis,International Gold,Outdoor,Hard,3rd Round,24
Indianapolis,International Gold,Outdoor,Hard,Quarterfinals,12
Indianapolis,International Gold,Outdoor,Hard,Semifinals,6
Indianapolis,International Gold,Outdoor,Hard,The Final,3
Istanbul,ATP250,Outdoor,Clay,1st Round,24
Istanbul,ATP250,Outdoor,Clay,2nd Round,16
Istanbul,ATP250,Outdoor,Clay,Quarterfinals,8
Istanbul,ATP250,Outdoor,Clay,Semifinals,4
Istanbul,ATP250,Outdoor,Clay,The Final,2
Johannesburg ,ATP250,Outdoor,Hard,1st Round,48
Johannesburg ,ATP250,Outdoor,Hard,2nd Round,24
Johannesburg ,ATP250,Outdoor,Hard,Quarterfinals,12
Johannesburg ,ATP250,Outdoor,Hard,Semifinals,6
Johannesburg ,ATP250,Outdoor,Hard,The Final,3
Kitzbuhel,ATP250,Outdoor,Clay,1st Round,88
Kitzbuhel,ATP250,Outdoor,Clay,2nd Round,56
Kitzbuhel,ATP250,Outdoor,Clay,Quarterfinals,28
Kitzbuhel,ATP250,Outdoor,Clay,Semifinals,14
Kitzbuhel,ATP250,Outdoor,Clay,The Final,7
Kitzbuhel,International Gold,Outdoor,Clay,1st Round,144
Kitzbuhel,International Gold,Outdoor,Clay,2nd Round,136
Kitzbuhel,International Gold,Outdoor,Clay,3rd Round,64
Kitzbuhel,International Gold,Outdoor,Clay,Quarterfinals,36
Kitzbuhel,International Gold,Outdoor,Clay,Semifinals,18
Kitzbuhel,International Gold,Outdoor,Clay,The Final,9
Kuala Lumpur,ATP250,Indoor,Hard,1st Round,84
Kuala Lumpur,ATP250,Indoor,Hard,2nd Round,56
Kuala Lumpur,ATP250,Indoor,Hard,Quarterfinals,28
Kuala Lumpur,ATP250,Indoor,Hard,Semifinals,14
Kuala Lumpur,ATP250,Indoor,Hard,The Final,7
Las Vegas,International,Outdoor,Hard,1st Round,32
Las Vegas,International,Outdoor,Hard,2nd Round,16
Las Vegas,International,Outdoor,Hard,Quarterfinals,12
Las Vegas,International,Outdoor,Hard,Round Robin,24
Las Vegas,International,Outdoor,Hard,Semifinals,6
Las Vegas,International,Outdoor,Hard,The Final,3
Lisbon,Masters Cup,Indoor,Hard,Round Robin,12
Lisbon,Masters Cup,Indoor,Hard,Semifinals,2
Lisbon,Masters Cup,Indoor,Hard,The Final,1
London,Grand Slam,Outdoor,Grass,1st Round,1088
London,Grand Slam,Outdoor,Grass,2nd Round,544
London,Grand Slam,Outdoor,Grass,3rd Round,272
London,Grand Slam,Outdoor,Grass,4th Round,136
London,Grand Slam,Outdoor,Grass,Quarterfinals,68
London,Grand Slam,Outdoor,Grass,Semifinals,34
London,Grand Slam,Outdoor,Grass,The Final,17
London,International Gold,Indoor,Hard,1st Round,16
London,International Gold,Indoor,Hard,2nd Round,8
London,International Gold,Indoor,Hard,Quarterfinals,4
London,International Gold,Indoor,Hard,Semifinals,2
London,International Gold,Indoor,Hard,The Final,1
London,Masters Cup,Indoor,Hard,Round Robin,84
London,Masters Cup,Indoor,Hard,Semifinals,14
London,Masters Cup,Indoor,Hard,The Final,7
Long Island,International,Outdoor,Hard,1st Round,80
Long Island,International,Outdoor,Hard,2nd Round,56
Long Island,International,Outdoor,Hard,3rd Round,16
Long Island,International,Outdoor,Hard,Quarterfinals,20
Long Island,International,Outdoor,Hard,Semifinals,10
Long Island,International,Outdoor,Hard,The Final,5
Los Angeles,ATP250,Outdoor,Hard,1st Round,48
Los Angeles,ATP250,Outdoor,Hard,2nd Round,32
Los Angeles,ATP250,Outdoor,Hard,Quarterfinals,16
Los Angeles,ATP250,Outdoor,Hard,Semifinals,8
Los Angeles,ATP250,Outdoor,Hard,The Final,4
Los Angeles,International,Outdoor,Hard,1st Round,140
Los Angeles,International,Outdoor,Hard,2nd Round,72
Los Angeles,International,Outdoor,Hard,Quarterfinals,36
Los Angeles,International,Outdoor,Hard,Semifinals,18
Los Angeles,International,Outdoor,Hard,The Final,9
Los Cabos,ATP250,Outdoor,Hard,1st Round,12
Los Cabos,ATP250,Outdoor,Hard,2nd Round,8
Los Cabos,ATP250,Outdoor,Hard,Quarterfinals,4
Los Cabos,ATP250,Outdoor,Hard,Semifinals,2
Los Cabos,ATP250,Outdoor,Hard,The Final,1
Lyon,ATP250,Indoor,Hard,1st Round,16
Lyon,ATP250,Indoor,Hard,2nd Round,8
Lyon,ATP250,Indoor,Hard,Quarterfinals,4
Lyon,ATP250,Indoor,Hard,Semifinals,2
Lyon,ATP250,Indoor,Hard,The Final,1
Lyon,International,Indoor,Carpet,1st Round,128
Lyon,International,Indoor,Carpet,2nd Round,64
Lyon,International,Indoor,Carpet,Quarterfinals,32
Lyon,International,Indoor,Carpet,Semifinals,16
Lyon,International,Indoor,Carpet,The Final,8
Lyon,International Gold,Indoor,Carpet,1st Round,16
Lyon,International Gold,Indoor,Carpet,2nd Round,8
Lyon,International Gold,Indoor,Carpet,Quarterfinals,4
Lyon,International Gold,Indoor,Carpet,Semifinals,2
Lyon,International Gold,Indoor,Carpet,The Final,1
Madrid,Masters,Indoor,Hard,1st Round,112
Madrid,Masters,Indoor,Hard,2nd Round,112
Madrid,Masters,Indoor,Hard,3rd Round,56
Madrid,Masters,Indoor,Hard,Quarterfinals,28
Madrid,Masters,Indoor,Hard,Semifinals,14
Madrid,Masters,Indoor,Hard,The Final,7
Madrid,Masters 1000,Outdoor,Clay,1st Round,192
Madrid,Masters 1000,Outdoor,Clay,2nd Round,128
Madrid,Masters 1000,Outdoor,Clay,3rd Round,64
Madrid,Masters 1000,Outdoor,Clay,Quarterfinals,32
Madrid,Masters 1000,Outdoor,Clay,Semifinals,16
Madrid,Masters 1000,Outdoor,Clay,The Final,8
Mallorca,International,Outdoor,Clay,1st Round,48
Mallorca,International,Outdoor,Clay,2nd Round,24
Mallorca,International,Outdoor,Clay,Quarterfinals,12
Mallorca,International,Outdoor,Clay,Semifinals,6
Mallorca,International,Outdoor,Clay,The Final,3
Marrakech,ATP250,Outdoor,Clay,1st Round,12
Marrakech,ATP250,Outdoor,Clay,2nd Round,8
Marrakech,ATP250,Outdoor,Clay,Quarterfinals,4
Marrakech,ATP250,Outdoor,Clay,Semifinals,2
Marrakech,ATP250,Outdoor,Clay,The Final,1
Marseille,ATP250,Indoor,Hard,1st Round,100
Marseille,ATP250,Indoor,Hard,2nd Round,64
Marseille,ATP250,Indoor,Hard,Quarterfinals,32
Marseille,ATP250,Indoor,Hard,Semifinals,16
Marseille,ATP250,Indoor,Hard,The Final,8
Marseille,International,Indoor,Hard,1st Round,144
Marseille,International,Indoor,Hard,2nd Round,72
Marseille,International,Indoor,Hard,Quarterfinals,36
Marseille,International,Indoor,Hard,Semifinals,18
Marseille,International,Indoor,Hard,The Final,9
Melbourne,Grand Slam,Outdoor,Hard,1st Round,1088
Melbourne,Grand Slam,Outdoor,Hard,2nd Round,544
Melbourne,Grand Slam,Outdoor,Hard,3rd Round,272
Melbourne,Grand Slam,Outdoor,Hard,4th Round,136
Melbourne,Grand Slam,Outdoor,Hard,Quarterfinals,68
Melbourne,Grand Slam,Outdoor,Hard,Semifinals,34
Melbourne,Grand Slam,Outdoor,Hard,The Final,17
Memphis,ATP250,Indoor,Hard,1st Round,52
Memphis,ATP250,Indoor,Hard,2nd Round,32
Memphis,ATP250,Indoor,Hard,Quarterfinals,16
Memphis,ATP250,Indoor,Hard,Semifinals,8
Memphis,ATP250,Indoor,Hard,The Final,4
Memphis,ATP500,Indoor,Hard,1st Round,64
Memphis,ATP500,Indoor,Hard,2nd Round,32
Memphis,ATP500,Indoor,Hard,Quarterfinals,16
Memphis,ATP500,Indoor,Hard,Semifinals,8
Memphis,ATP500,Indoor,Hard,The Final,4
Memphis,International Gold,Indoor,Hard,1st Round,144
Memphis,International Gold,Indoor,Hard,2nd Round,88
Memphis,International Gold,Indoor,Hard,3rd Round,16
Memphis,International Gold,Indoor,Hard,Quarterfinals,36
Memphis,International Gold,Indoor,Hard,Semifinals,18
Memphis,International Gold,Indoor,Hard,The Final,9
Metz,ATP250,Indoor,Hard,1st Round,96
Metz,ATP250,Indoor,Hard,2nd Round,64
Metz,ATP250,Indoor,Hard,Quarterfinals,32
Metz,ATP250,Indoor,Hard,Semifinals,16
Metz,ATP250,Indoor,Hard,The Final,8
Metz,International,Indoor,Hard,1st Round,96
Metz,International,Indoor,Hard,2nd Round,48
Metz,International,Indoor,Hard,Quarterfinals,24
Metz,International,Indoor,Hard,Semifinals,12
Metz,International,Indoor,Hard,The Final,6
Mexico City,International Gold,Outdoor,Clay,1st Round,16
Mexico City,International Gold,Outdoor,Clay,2nd Round,8
Mexico City,International Gold,Outdoor,Clay,Quarterfinals,4
Mexico City,International Gold,Outdoor,Clay,Semifinals,2
Mexico City,International Gold,Outdoor,Clay,The Final,1
Miami,Masters,Outdoor,Hard,1st Round,288
Miami,Masters,Outdoor,Hard,2nd Round,288
Miami,Masters,Outdoor,Hard,3rd Round,144
Miami,Masters,Outdoor,Hard,4th Round,72
Miami,Masters,Outdoor,Hard,Quarterfinals,36
Miami,Masters,Outdoor,Hard,Semifinals,18
Miami,Masters,Outdoor,Hard,The Final,9
Miami,Masters 1000,Outdoor,Hard,1st Round,256
Miami,Masters 1000,Outdoor,Hard,2nd Round,256
Miami,Masters 1000,Outdoor,Hard,3rd Round,128
Miami,Masters 1000,Outdoor,Hard,4th Round,64
Miami,Masters 1000,Outdoor,Hard,Quarterfinals,32
Miami,Masters 1000,Outdoor,Hard,Semifinals,16
Miami,Masters 1000,Outdoor,Hard,The Final,8
Milan,International,Indoor,Carpet,1st Round,80
Milan,International,Indoor,Carpet,2nd Round,40
Milan,International,Indoor,Carpet,Quarterfinals,20
Milan,International,Indoor,Carpet,Semifinals,10
Milan,International,Indoor,Carpet,The Final,5
Monte Carlo,Masters,Outdoor,Clay,1st Round,272
Monte Carlo,Masters,Outdoor,Clay,2nd Round,144
Monte Carlo,Masters,Outdoor,Clay,3rd Round,72
Monte Carlo,Masters,Outdoor,Clay,Quarterfinals,36
Monte Carlo,Masters,Outdoor,Clay,Semifinals,18
Monte Carlo,Masters,Outdoor,Clay,The Final,9
Monte Carlo,Masters 1000,Outdoor,Clay,1st Round,192
Monte Carlo,Masters 1000,Outdoor,Clay,2nd Round,128
Monte Carlo,Masters 1000,Outdoor,Clay,3rd Round,64
Monte Carlo,Masters 1000,Outdoor,Clay,Quarterfinals,32
Monte Carlo,Masters 1000,Outdoor,Clay,Semifinals,16
Monte Carlo,Masters 1000,Outdoor,Clay,The Final,8
Montpellier,ATP250,Indoor,Hard,1st Round,72
Montpellier,ATP250,Indoor,Hard,2nd Round,48
Montpellier,ATP250,Indoor,Hard,Quarterfinals,24
Montpellier,ATP250,Indoor,Hard,Semifinals,12
Montpellier,ATP250,Indoor,Hard,The Final,6
Montreal,Masters,Outdoor,Hard,1st Round,120
Montreal,Masters,Outdoor,Hard,2nd Round,64
Montreal,Masters,Outdoor,Hard,3rd Round,32
Montreal,Masters,Outdoor,Hard,Quarterfinals,16
Montreal,Masters,Outdoor,Hard,Semifinals,8
Montreal,Masters,Outdoor,Hard,The Final,4
Montreal,Masters 1000,Outdoor,Hard,1st Round,96
Montreal,Masters 1000,Outdoor,Hard,2nd Round,64
Montreal,Masters 1000,Outdoor,Hard,3rd Round,32
Montreal,Masters 1000,Outdoor,Hard,Quarterfinals,16
Montreal,Masters 1000,Outdoor,Hard,Semifinals,8
Montreal,Masters 1000,Outdoor,Hard,The Final,4
Moscow,ATP250,Indoor,Hard,1st Round,88
Moscow,ATP250,Indoor,Hard,2nd Round,56
Moscow,ATP250,Indoor,Hard,Quarterfinals,28
Moscow,ATP250,Indoor,Hard,Semifinals,14
Moscow,ATP250,Indoor,Hard,The Final,7
Moscow,International,Indoor,Carpet,1st Round,144
Moscow,International,Indoor,Carpet,2nd Round,72
Moscow,International,Indoor,Carpet,Quarterfinals,36
Moscow,International,Indoor,Carpet,Semifinals,18
Moscow,International,Indoor,Carpet,The Final,9
Mumbai,International,Indoor,Hard,1st Round,32
Mumbai,International,Indoor,Hard,2nd Round,16
Mumbai,International,Indoor,Hard,Quarterfinals,8
Mumbai,International,Indoor,Hard,Semifinals,4
Mumbai,International,Indoor,Hard,The Final,2
Munich,ATP250,Outdoor,Clay,1st Round,108
Munich,ATP250,Outdoor,Clay,2nd Round,64
Munich,ATP250,Outdoor,Clay,Quarterfinals,32
Munich,ATP250,Outdoor,Clay,Semifinals,16
Munich,ATP250,Outdoor,Clay,The Final,8
Munich,International,Outdoor,Clay,1st Round,144
Munich,International,Outdoor,Clay,2nd Round,72
Munich,International,Outdoor,Clay,Quarterfinals,36
Munich,International,Outdoor,Clay,Semifinals,18
Munich,International,Outdoor,Clay,The Final,9
New Haven,ATP250,Outdoor,Hard,1st Round,32
New Haven,ATP250,Outdoor,Hard,2nd Round,32
New Haven,ATP250,Outdoor,Hard,3rd Round,16
New Haven,ATP250,Outdoor,Hard,Quarterfinals,8
New Haven,ATP250,Outdoor,Hard,Semifinals,4
New Haven,ATP250,Outdoor,Hard,The Final,2
New Haven,International Gold,Outdoor,Hard,1st Round,64
New Haven,International Gold,Outdoor,Hard,2nd Round,64
New Haven,International Gold,Outdoor,Hard,3rd Round,32
New Haven,International Gold,Outdoor,Hard,Quarterfinals,16
New Haven,International Gold,Outdoor,Hard,Semifinals,8
New Haven,International Gold,Outdoor,Hard,The Final,4
New York,Grand Slam,Outdoor,Hard,1st Round,1088
New York,Grand Slam,Outdoor,Hard,2nd Round,544
New York,Grand Slam,Outdoor,Hard,3rd Round,272
New York,Grand Slam,Outdoor,Hard,4th Round,136
New York,Grand Slam,Outdoor,Hard,Quarterfinals,68
New York,Grand Slam,Outdoor,Hard,Semifinals,34
New York,Grand Slam,Outdoor,Hard,The Final,17
Newport,ATP250,Outdoor,Grass,1st Round,124
Newport,ATP250,Outdoor,Grass,2nd Round,64
Newport,ATP250,Outdoor,Grass,Quarterfinals,32
Newport,ATP250,Outdoor,Grass,Semifinals,16
Newport,ATP250,Outdoor,Grass,The Final,8
Newport,International,Outdoor,Grass,1st Round,140
Newport,International,Outdoor,Grass,2nd Round,72
Newport,International,Outdoor,Grass,Quarterfinals,36
Newport,International,Outdoor,Grass,Semifinals,18
Newport,International,Outdoor,Grass,The Final,9
Nice,ATP250,Outdoor,Clay,1st Round,84
Nice,ATP250,Outdoor,Clay,2nd Round,56
Nice,ATP250,Outdoor,Clay,Quarterfinals,28
Nice,ATP250,Outdoor,Clay,Semifinals,14
Nice,ATP250,Outdoor,Clay,The Final,7
Nottingham,ATP500,Outdoor,Grass,1st Round,32
Nottingham,ATP500,Outdoor,Grass,2nd Round,32
Nottingham,ATP500,Outdoor,Grass,3rd Round,16
Nottingham,ATP500,Outdoor,Grass,Quarterfinals,8
Nottingham,ATP500,Outdoor,Grass,Semifinals,4
Nottingham,ATP500,Outdoor,Grass,The Final,2
Nottingham,International,Outdoor,Grass,1st Round,144
Nottingham,International,Outdoor,Grass,2nd Round,72
Nottingham,International,Outdoor,Grass,Quarterfinals,36
Nottingham,International,Outdoor,Grass,Semifinals,18
Nottingham,International,Outdoor,Grass,The Final,9
Oeiras,ATP250,Outdoor,Clay,1st Round,24
Oeiras,ATP250,Outdoor,Clay,2nd Round,16
Oeiras,ATP250,Outdoor,Clay,Quarterfinals,8
Oeiras,ATP250,Outdoor,Clay,Semifinals,4
Oeiras,ATP250,Outdoor,Clay,The Final,2
Orlando,International,Outdoor,Clay,1st Round,16
Orlando,International,Outdoor,Clay,2nd Round,8
Orlando,International,Outdoor,Clay,Quarterfinals,4
Orlando,International,Outdoor,Clay,Semifinals,2
Orlando,International,Outdoor,Clay,The Final,1
Palermo,International,Outdoor,Clay,1st Round,112
Palermo,International,Outdoor,Clay,2nd Round,56
Palermo,International,Outdoor,Clay,Quarterfinals,28
Palermo,International,Outdoor,Clay,Semifinals,15
Palermo,International,Outdoor,Clay,The Final,6
Paris,Grand Slam,Outdoor,Clay,1st Round,1088
Paris,Grand Slam,Outdoor,Clay,2nd Round,544
Paris,Grand Slam,Outdoor,Clay,3rd Round,272
Paris,Grand Slam,Outdoor,Clay,4th Round,136
Paris,Grand Slam,Outdoor,Clay,Quarterfinals,68
Paris,Grand Slam,Outdoor,Clay,Semifinals,34
Paris,Grand Slam,Outdoor,Clay,The Final,17
Paris,Masters,Indoor,Carpet,1st Round,144
Paris,Masters,Indoor,Carpet,2nd Round,144
Paris,Masters,Indoor,Carpet,3rd Round,72
Paris,Masters,Indoor,Carpet,Quarterfinals,36
Paris,Masters,Indoor,Carpet,Semifinals,18
Paris,Masters,Indoor,Carpet,The Final,9
Paris,Masters 1000,Indoor,Hard,1st Round,112
Paris,Masters 1000,Indoor,Hard,2nd Round,112
Paris,Masters 1000,Indoor,Hard,3rd Round,56
Paris,Masters 1000,Indoor,Hard,Quarterfinals,28
Paris,Masters 1000,Indoor,Hard,Semifinals,14
Paris,Masters 1000,Indoor,Hard,The Final,7
Portschach,International,Outdoor,Clay,1st Round,48
Portschach,International,Outdoor,Clay,2nd Round,24
Portschach,International,Outdoor,Clay,Quarterfinals,12
Portschach,International,Outdoor,Clay,Semifinals,6
Portschach,International,Outdoor,Clay,The Final,3
Queens Club,ATP250,Outdoor,Grass,1st Round,144
Queens Club,ATP250,Outdoor,Grass,2nd Round,96
Queens Club,ATP250,Outdoor,Grass,3rd Round,48
Queens Club,ATP250,Outdoor,Grass,Quarterfinals,24
Queens Club,ATP250,Outdoor,Grass,Semifinals,12
Queens Club,ATP250,Outdoor,Grass,The Final,6
Queens Club,ATP500,Outdoor,Grass,1st Round,32
Queens Club,ATP500,Outdoor,Grass,2nd Round,16
Queens Club,ATP500,Outdoor,Grass,Quarterfinals,8
Queens Club,ATP500,Outdoor,Grass,Semifinals,4
Queens Club,ATP500,Outdoor,Grass,The Final,2
Queens Club,International,Outdoor,Grass,1st Round,216
Queens Club,International,Outdoor,Grass,2nd Round,144
Queens Club,International,Outdoor,Grass,3rd Round,72
Queens Club,International,Outdoor,Grass,Quarterfinals,36
Queens Club,International,Outdoor,Grass,Semifinals,18
Queens Club,International,Outdoor,Grass,The Final,9
Quito,ATP250,Outdoor,Clay,1st Round,24
Quito,ATP250,Outdoor,Clay,2nd Round,16
Quito,ATP250,Outdoor,Clay,Quarterfinals,8
Quito,ATP250,Outdoor,Clay,Semifinals,4
Quito,ATP250,Outdoor,Clay,The Final,2
Rio de Janeiro,ATP500,Outdoor,Clay,1st Round,48
Rio de Janeiro,ATP500,Outdoor,Clay,2nd Round,24
Rio de Janeiro,ATP500,Outdoor,Clay,Quarterfinals,12
Rio de Janeiro,ATP500,Outdoor,Clay,Semifinals,6
Rio de Janeiro,ATP500,Outdoor,Clay,The Final,3
Rome,Masters,Outdoor,Clay,1st Round,272
Rome,Masters,Outdoor,Clay,2nd Round,144
Rome,Masters,Outdoor,Clay,3rd Round,72
Rome,Masters,Outdoor,Clay,Quarterfinals,36
Rome,Masters,Outdoor,Clay,Semifinals,18
Rome,Masters,Outdoor,Clay,The Final,9
Rome,Masters 1000,Outdoor,Clay,1st Round,192
Rome,Masters 1000,Outdoor,Clay,2nd Round,128
Rome,Masters 1000,Outdoor,Clay,3rd Round,64
Rome,Masters 1000,Outdoor,Clay,Quarterfinals,32
Rome,Masters 1000,Outdoor,Clay,Semifinals,16
Rome,Masters 1000,Outdoor,Clay,The Final,8
Rotterdam,ATP500,Indoor,Hard,1st Round,128
Rotterdam,ATP500,Indoor,Hard,2nd Round,64
Rotterdam,ATP500,Indoor,Hard,Quarterfinals,32
Rotterdam,ATP500,Indoor,Hard,Semifinals,16
Rotterdam,ATP500,Indoor,Hard,The Final,8
Rotterdam,International Gold,Indoor,Hard,1st Round,144
Rotterdam,International Gold,Indoor,Hard,2nd Round,72
Rotterdam,International Gold,Indoor,Hard,Quarterfinals,36
Rotterdam,International Gold,Indoor,Hard,Semifinals,18
Rotterdam,International Gold,Indoor,Hard,The Final,9
Salvador,International,Outdoor,Hard,1st Round,32
Salvador,International,Outdoor,Hard,2nd Round,16
Salvador,International,Outdoor,Hard,Quarterfinals,8
Salvador,International,Outdoor,Hard,Semifinals,4
Salvador,International,Outdoor,Hard,The Final,2
San Jose,ATP250,Indoor,Hard,1st Round,72
San Jose,ATP250,Indoor,Hard,2nd Round,40
San Jose,ATP250,Indoor,Hard,Quarterfinals,20
San Jose,ATP250,Indoor,Hard,Semifinals,10
San Jose,ATP250,Indoor,Hard,The Final,5
San Jose,International,Indoor,Hard,1st Round,144
San Jose,International,Indoor,Hard,2nd Round,72
San Jose,International,Indoor,Hard,Quarterfinals,36
San Jose,International,Indoor,Hard,Semifinals,18
San Jose,International,Indoor,Hard,The Final,9
San Marino,International,Outdoor,Clay,1st Round,16
San Marino,International,Outdoor,Clay,2nd Round,8
San Marino,International,Outdoor,Clay,Quarterfinals,4
San Marino,International,Outdoor,Clay,Semifinals,2
San Marino,International,Outdoor,Clay,The Final,1
Santiago,ATP250,Outdoor,Clay,0th Round,1
Santiago,ATP250,Outdoor,Clay,1st Round,29
Santiago,ATP250,Outdoor,Clay,2nd Round,17
Santiago,ATP250,Outdoor,Clay,3rd Round,1
Santiago,ATP250,Outdoor,Clay,Quarterfinals,8
Santiago,ATP250,Outdoor,Clay,Semifinals,4
Santiago,ATP250,Outdoor,Clay,The Final,2
Santiago,International,Outdoor,Clay,1st Round,16
Santiago,International,Outdoor,Clay,2nd Round,8
Santiago,International,Outdoor,Clay,Quarterfinals,4
Santiago,International,Outdoor,Clay,Semifinals,2
Santiago,International,Outdoor,Clay,The Final,1
Sao Paulo,ATP250,Indoor,Clay,1st Round,60
Sao Paulo,ATP250,Indoor,Clay,2nd Round,40
Sao Paulo,ATP250,Indoor,Clay,Quarterfinals,20
Sao Paulo,ATP250,Indoor,Clay,Semifinals,10
Sao Paulo,ATP250,Indoor,Clay,The Final,5
Scottsdale,International,Outdoor,Hard,1st Round,96
Scottsdale,International,Outdoor,Hard,2nd Round,48
Scottsdale,International,Outdoor,Hard,Quarterfinals,24
Scottsdale,International,Outdoor,Hard,Semifinals,12
Scottsdale,International,Outdoor,Hard,The Final,6
Shanghai,International,Outdoor,Hard,1st Round,64
Shanghai,International,Outdoor,Hard,2nd Round,32
Shanghai,International,Outdoor,Hard,Quarterfinals,16
Shanghai,International,Outdoor,Hard,Semifinals,8
Shanghai,International,Outdoor,Hard,The Final,4
Shanghai,Masters 1000,Outdoor,Hard,1st Round,168
Shanghai,Masters 1000,Outdoor,Hard,2nd Round,112
Shanghai,Masters 1000,Outdoor,Hard,3rd Round,56
Shanghai,Masters 1000,Outdoor,Hard,Quarterfinals,28
Shanghai,Masters 1000,Outdoor,Hard,Semifinals,14
Shanghai,Masters 1000,Outdoor,Hard,The Final,7
Shanghai,Masters Cup,Indoor,Hard,Round Robin,60
Shanghai,Masters Cup,Indoor,Hard,Semifinals,10
Shanghai,Masters Cup,Indoor,Hard,The Final,5
Shenzhen ,ATP250,Outdoor,Hard,1st Round,24
Shenzhen ,ATP250,Outdoor,Hard,2nd Round,16
Shenzhen ,ATP250,Outdoor,Hard,Quarterfinals,8
Shenzhen ,ATP250,Outdoor,Hard,Semifinals,4
Shenzhen ,ATP250,Outdoor,Hard,The Final,2
Sofia,ATP250,Indoor,Hard,1st Round,12
Sofia,ATP250,Indoor,Hard,2nd Round,8
Sofia,ATP250,Indoor,Hard,Quarterfinals,4
Sofia,ATP250,Indoor,Hard,Semifinals,2
Sofia,ATP250,Indoor,Hard,The Final,1
Sopot,International,Outdoor,Clay,1st Round,112
Sopot,International,Outdoor,Clay,2nd Round,56
Sopot,International,Outdoor,Clay,Quarterfinals,28
Sopot,International,Outdoor,Clay,Semifinals,14
Sopot,International,Outdoor,Clay,The Final,7
St. Petersburg,ATP250,Indoor,Hard,1st Round,104
St. Petersburg,ATP250,Indoor,Hard,2nd Round,56
St. Petersburg,ATP250,Indoor,Hard,Quarterfinals,28
St. Petersburg,ATP250,Indoor,Hard,Semifinals,14
St. Petersburg,ATP250,Indoor,Hard,The Final,7
St. Petersburg,International,Indoor,Carpet,1st Round,80
St. Petersburg,International,Indoor,Carpet,2nd Round,40
St. Petersburg,International,Indoor,Carpet,Quarterfinals,20
St. Petersburg,International,Indoor,Carpet,Semifinals,10
St. Petersburg,International,Indoor,Carpet,The Final,5
St. Petersburg,International,Indoor,Hard,1st Round,64
St. Petersburg,International,Indoor,Hard,2nd Round,32
St. Petersburg,International,Indoor,Hard,Quarterfinals,16
St. Petersburg,International,Indoor,Hard,Semifinals,8
St. Petersburg,International,Indoor,Hard,The Final,4
Total,,,,,39385
